ID,Description,GeneRatio,BgRatio,pvalue,p.adjust,qvalue,geneID,Count
GO:0042110,T cell activation,446/15173,483/18866,1.20E-13,1.26E-11,8.67E-12,ABL1/ADA/ADAM17/ADAM8/ADORA2A/AGER/AIF1/AIRE/AKT1/ANXA1/AP3B1/AP3D1/APBB1IP/ARG1/ARG2/ATG5/ATP7A/AZI2/B2M/BAD/BATF/BAX/BCL10/BCL11B/BCL2/BCL3/BCL6/BMP4/BTLA/BTN2A2/BTN3A1/CAMK4/CARD11/CASP3/CASP8/CAV1/CBFB/CCDC88B/CCL2/CCL5/CCND3/CCR2/CCR6/CCR7/CCR9/CD151/CD160/CD1C/CD1D/CD2/CD209/CD24/CD27/CD274/CD276/CD28/CD300A/CD3D/CD3E/CD3G/CD4/CD40LG/CD44/CD46/CD47/CD5/CD55/CD6/CD7/CD70/CD74/CD80/CD81/CD83/CD86/CD8A/CD8B/CDC42/CDH26/CDK6/CEACAM1/CEBPB/CGAS/CHD7/CLC/CLEC4A/CLEC4D/CLEC4E/CLEC4G/CLEC7A/CLECL1/CLPTM1/CORO1A/CR1/CRTAM/CSK/CTLA4/CTNNB1/CTPS1/CTSL/CXADR/CYLD/CYRIB/DDOST/DLG1/DLG5/DNAJA3/DOCK2/DOCK8/DPP4/DROSHA/DTX1/DUSP10/DUSP22/DUSP3/EBI3/EFNB1/EFNB2/EFNB3/EGR1/EGR3/EIF2AK4/ELF4/EOMES/ERBB2/F2RL1/FADD/FANCA/FANCD2/FCER1G/FCGR2B/FGL2/FKBP1A/FKBP1B/FLOT2/FOXJ1/FOXP1/FOXP3/FUT7/FYN/FZD5/FZD7/FZD8/GATA3/GLI3/GLMN/GNRH1/GPAM/GPNMB/GPR18/GPR183/GPR89A/GPR89B/GRAP2/GRB2/GSN/HAVCR2/HES1/HFE/HHLA2/HLA-A/HLA-DMB/HLA-DOA/HLA-DPA1/HLA-DPB1/HLA-DRB1/HLA-E/HLA-G/HLX/HMGB1/HSH2D/HSPD1/HSPH1/ICAM1/ICOS/ICOSLG/IDO1/IFNA21/IFNA5/IFNB1/IFNE/IFNG/IFNK/IFNL1/IFNW1/IGFBP2/IHH/IL10/IL12A/IL12RB1/IL15/IL18/IL18R1/IL1A/IL1B/IL1RL2/IL2/IL20RB/IL21/IL23A/IL23R/IL27/IL27RA/IL2RA/IL4/IL4R/IL6/IL6ST/IL7/IL7R/IRF1/IRF4/ITGAL/ITK/ITPKB/JAG2/JAK3/JAML/JMJD6/KAT2A/KDELR1/KIF13B/KIT/KLRC4-KLRK1/KLRK1/LAG3/LAT/LAX1/LCK/LCP1/LEF1/LEP/LEPR/LFNG/LGALS1/LGALS3/LGALS9/LGALS9B/LGALS9C/LIG4/LILRB1/LILRB2/LILRB4/LMBR1L/LOXL3/LRRC32/LY9/LYN/MAD1L1/MAFB/MALT1/MAP3K8/MAPK8IP1/MARCHF7/MDK/METTL3/MICA/MICB/MR1/MSN/MTOR/MYB/MYH9/NCAPH2/NCK1/NCK2/NCKAP1L/NCSTN/NDFIP1/NEDD4/NFATC2/NFKBID/NFKBIZ/NHEJ1/NKAP/NLRC3/NLRP3/NOD2/NRARP/P2RX7/PAG1/PAK1/PAK2/PAK3/PATZ1/PAWR/PCK1/PDCD1/PDCD1LG2/PDE5A/PDPK1/PELI1/PIK3CA/PIK3CD/PIK3CG/PIK3R1/PIK3R6/PKNOX1/PLA2G2D/PLA2G2F/PNP/PPP3CA/PPP3CB/PRDM1/PRDX2/PRELID1/PREX1/PRKAR1A/PRKCQ/PRKCZ/PRKDC/PRNP/PRR7/PSAP/PSEN1/PSMB10/PTGER4/PTPN11/PTPN2/PTPN22/PTPN6/PTPRC/PYCARD/RAB27A/RAB29/RABL3/RAC1/RAC2/RAG1/RAG2/RARA/RASAL3/RASGRP1/RC3H1/RC3H2/RELB/RHOA/RHOH/RIPK2/RIPK3/RIPOR2/RORA/RORC/RPS3/RSAD2/RUNX1/RUNX2/RUNX3/SART1/SASH3/SATB1/SCGB1A1/SCRIB/SDC4/SELENOK/SEMA4A/SFTPD/SH3RF1/SHH/SIRPA/SIRPB1/SIRPG/SIT1/SLA2/SLAMF6/SLC11A1/SLC46A2/SLC7A1/SMAD3/SMAD7/SOCS1/SOCS5/SOCS6/SOD1/SOS1/SOX12/SOX13/SOX4/SP3/SPN/SPTA1/SRC/SRF/STAT3/STAT5B/STAT6/STK11/STOML2/SYK/TARM1/TBX21/TCF7/TCIRG1/TESPA1/TFRC/TGFBR2/THEMIS/TIGIT/TMEM131L/TMEM98/TMIGD2/TNFAIP8L2/TNFRSF13C/TNFRSF14/TNFRSF18/TNFRSF1B/TNFRSF21/TNFRSF4/TNFSF11/TNFSF13B/TNFSF14/TNFSF18/TNFSF4/TNFSF8/TNFSF9/TOX/TP53/TRAF6/TREML2/TSC1/TWSG1/VAV1/VCAM1/VNN1/VSIG4/VSIR/VTCN1/WAS/WNT1/WNT4/XBP1/XCL1/YES1/ZAP70/ZBTB1/ZBTB16/ZBTB7B/ZC3H12A/ZC3H8/ZEB1/ZFP36L1/ZFP36L2/ZFPM1/ZMIZ1/ZNF683/ZP3,446
GO:0050852,T cell receptor signaling pathway,199/15173,206/18866,4.45E-12,3.00E-10,2.07E-10,ABL1/ADA/BCL10/BTN1A1/BTN2A1/BTN2A2/BTN2A3P/BTN3A1/BTN3A2/BTN3A3/BTNL10/BTNL2/BTNL8/BTNL9/BTRC/CACNA1F/CACNB3/CARD11/CCR7/CD160/CD226/CD247/CD276/CD28/CD300A/CD3D/CD3E/CD3G/CD4/CD81/CEACAM1/CHUK/CRKL/CSK/CTLA4/CUL1/CYLD/DENND1B/DGKZ/DUSP22/DUSP3/EIF2B1/EIF2B2/EIF2B3/EIF2B4/EIF2B5/ELF1/ERMAP/EZR/FBXW11/FOXP3/FYB1/FYN/GATA3/GBP1/GRAP2/HHLA2/HLA-A/HLA-DPA1/HLA-DPB1/HLA-DQA1/HLA-DQA2/HLA-DQB1/HLA-DQB2/HLA-DRA/HLA-DRB1/HLA-DRB5/HRAS/ICOSLG/IKBKB/IKBKG/INPP5D/ITK/KCNN4/KHDRBS1/LAT/LCK/LCP2/LGALS3/LILRB4/LIME1/MALT1/MAP3K7/MAPK1/MOG/NCK1/NECTIN2/NFKB1/NFKBID/NFKBIZ/PAG1/PAK1/PAK2/PAK3/PAWR/PDE4B/PDE4D/PDPK1/PHPT1/PIK3CA/PIK3CB/PIK3CD/PIK3R1/PIK3R2/PLCG1/PLCG2/PRAM1/PRKCQ/PRKD2/PRNP/PSEN1/PSMA1/PSMA2/PSMA3/PSMA4/PSMA5/PSMA6/PSMA7/PSMA8/PSMB1/PSMB10/PSMB2/PSMB3/PSMB4/PSMB5/PSMB6/PSMB7/PSMB8/PSMB9/PSMC1/PSMC2/PSMC3/PSMC4/PSMC5/PSMC6/PSMD1/PSMD10/PSMD11/PSMD12/PSMD13/PSMD14/PSMD2/PSMD3/PSMD4/PSMD5/PSMD6/PSMD7/PSMD8/PSMD9/PSME1/PSME2/PSME3/PSME4/PSMF1/PTPN2/PTPN22/PTPN6/PTPRC/PTPRJ/PVRIG/RAB29/RBCK1/RC3H1/RC3H2/RELA/RFTN1/RIPK2/RNF31/RPS3/SH2D1A/SKAP1/SKP1/SLA2/SPPL3/STK11/STOML2/TAB2/TEC/TESPA1/THEMIS/THEMIS2/TNFRSF21/TRAC/TRAF6/TRAT1/TRAV19/TRAV29DV5/TRAV8-4/TRBC1/TRBV12-3/TRBV7-9/TXK/UBASH3A/UBE2N/VTCN1/WAS/WNK1/ZAP70/ZC3H12A,199
GO:0050863,regulation of T cell activation,310/15173,332/18866,1.59E-11,9.33E-10,6.43E-10,ABL1/ADA/ADAM8/ADORA2A/AGER/AIF1/AKT1/ANXA1/AP3B1/AP3D1/ARG1/ARG2/BAD/BCL10/BCL6/BMP4/BTLA/BTN2A2/CAMK4/CARD11/CASP3/CAV1/CBFB/CCDC88B/CCL2/CCL5/CCR2/CCR7/CD160/CD1D/CD2/CD209/CD24/CD27/CD274/CD276/CD28/CD300A/CD3E/CD4/CD40LG/CD46/CD47/CD5/CD55/CD6/CD70/CD74/CD80/CD81/CD83/CD86/CDC42/CEACAM1/CEBPB/CGAS/CLC/CLEC4G/CLECL1/CLPTM1/CORO1A/CR1/CRTAM/CSK/CTLA4/CTNNB1/CYLD/CYRIB/DLG1/DLG5/DNAJA3/DOCK8/DPP4/DROSHA/DTX1/DUSP10/DUSP22/DUSP3/EBI3/EFNB1/EFNB2/EFNB3/EGR3/ERBB2/FADD/FANCA/FANCD2/FCGR2B/FGL2/FLOT2/FOXJ1/FOXP3/FYN/GATA3/GLI3/GLMN/GNRH1/GPAM/GPNMB/GRAP2/GRB2/GSN/HAVCR2/HES1/HFE/HHLA2/HLA-A/HLA-DMB/HLA-DOA/HLA-DPA1/HLA-DPB1/HLA-DRB1/HLA-E/HLA-G/HLX/HMGB1/HSPD1/HSPH1/ICOS/ICOSLG/IDO1/IFNB1/IFNG/IFNL1/IGFBP2/IHH/IL10/IL12A/IL12RB1/IL15/IL18/IL1A/IL1B/IL1RL2/IL2/IL20RB/IL21/IL23A/IL23R/IL27/IL27RA/IL2RA/IL4/IL4R/IL6/IL6ST/IL7/IL7R/IRF1/IRF4/ITPKB/JAK3/KAT2A/KLRC4-KLRK1/KLRK1/LAG3/LAT/LAX1/LCK/LEF1/LEP/LGALS1/LGALS3/LGALS9/LGALS9B/LGALS9C/LILRB1/LILRB2/LILRB4/LOXL3/LRRC32/LYN/MAD1L1/MALT1/MAP3K8/MAPK8IP1/MARCHF7/MDK/METTL3/MYB/NCK1/NCK2/NCKAP1L/NDFIP1/NFATC2/NFKBID/NFKBIZ/NKAP/NLRP3/NOD2/NRARP/PAG1/PAK1/PAK2/PAK3/PAWR/PCK1/PDCD1/PDCD1LG2/PDE5A/PDPK1/PELI1/PIK3CA/PIK3R1/PIK3R6/PLA2G2D/PLA2G2F/PNP/PRDM1/PRDX2/PRELID1/PRKAR1A/PRKCQ/PRKCZ/PRNP/PTPN11/PTPN2/PTPN22/PTPN6/PTPRC/PYCARD/RAC1/RAC2/RAG1/RARA/RASAL3/RASGRP1/RC3H1/RC3H2/RHOA/RHOH/RIPK2/RIPK3/RIPOR2/RPS3/RUNX1/RUNX3/SART1/SASH3/SCGB1A1/SCRIB/SDC4/SELENOK/SFTPD/SH3RF1/SHH/SIRPA/SIRPB1/SIRPG/SIT1/SLC46A2/SLC7A1/SMAD7/SOCS1/SOCS5/SOCS6/SOD1/SOS1/SOX12/SOX13/SOX4/SPN/SPTA1/SRC/STAT5B/SYK/TARM1/TBX21/TCF7/TESPA1/TFRC/TGFBR2/TIGIT/TMEM131L/TMIGD2/TNFAIP8L2/TNFRSF13C/TNFRSF14/TNFRSF18/TNFRSF1B/TNFRSF21/TNFSF11/TNFSF13B/TNFSF14/TNFSF18/TNFSF4/TNFSF8/TNFSF9/TOX/TRAF6/TWSG1/VAV1/VCAM1/VNN1/VSIG4/VSIR/VTCN1/XBP1/XCL1/YES1/ZAP70/ZBTB1/ZBTB16/ZBTB7B/ZC3H12A/ZC3H8/ZEB1/ZMIZ1/ZNF683/ZP3,310
GO:0030217,T cell differentiation,239/15173,253/18866,1.09E-10,5.31E-09,3.66E-09,ABL1/ADA/ADAM17/ADAM8/AIRE/ANXA1/AP3B1/AP3D1/ATG5/ATP7A/B2M/BAD/BATF/BCL11B/BCL2/BCL3/BCL6/BMP4/BTN2A2/CAMK4/CARD11/CBFB/CCR2/CCR6/CCR7/CCR9/CD1D/CD2/CD27/CD28/CD3D/CD3E/CD3G/CD4/CD46/CD74/CD80/CD83/CD86/CD8A/CDK6/CHD7/CLEC4D/CLEC4E/CLPTM1/CR1/CRTAM/CTLA4/CTNNB1/CTSL/CYLD/DNAJA3/DOCK2/DROSHA/DTX1/DUSP10/EGR1/EGR3/EOMES/ERBB2/FADD/FANCA/FANCD2/FCER1G/FGL2/FOXJ1/FOXP1/FOXP3/FUT7/FZD5/FZD7/FZD8/GATA3/GLI3/GPR18/GPR183/GPR89A/GPR89B/HLA-DOA/HLA-G/HLX/HMGB1/IFNB1/IFNG/IFNL1/IHH/IL12A/IL12RB1/IL15/IL18/IL18R1/IL1A/IL1B/IL1RL2/IL2/IL21/IL23A/IL23R/IL27/IL2RA/IL4/IL4R/IL6/IL7/IL7R/IRF1/IRF4/ITK/ITPKB/JAG2/JAK3/JMJD6/KAT2A/KDELR1/KIT/LAG3/LCK/LEF1/LEP/LEPR/LFNG/LGALS9/LIG4/LILRB2/LILRB4/LMBR1L/LOXL3/LY9/MAFB/MALT1/MDK/METTL3/MR1/MTOR/MYB/NCAPH2/NCKAP1L/NFATC2/NFKBID/NFKBIZ/NHEJ1/NKAP/NLRP3/NRARP/PATZ1/PCK1/PIK3CD/PIK3R6/PKNOX1/PLA2G2D/PNP/PPP3CB/PRDM1/PRDX2/PRELID1/PREX1/PRKCZ/PRKDC/PRR7/PSAP/PTGER4/PTPN2/PTPN22/PTPRC/RABL3/RAG1/RAG2/RARA/RASGRP1/RC3H1/RC3H2/RELB/RHOA/RHOH/RIPK2/RIPK3/RORA/RORC/RSAD2/RUNX1/RUNX2/RUNX3/SART1/SASH3/SATB1/SEMA4A/SH3RF1/SHH/SLAMF6/SLC46A2/SMAD7/SOCS1/SOCS5/SOD1/SOS1/SOX12/SOX13/SOX4/SP3/SPN/SRF/STAT3/STAT5B/STAT6/STK11/SYK/TBX21/TCF7/TCIRG1/TESPA1/TGFBR2/THEMIS/TMEM131L/TMEM98/TNFRSF18/TNFSF4/TNFSF8/TNFSF9/TOX/TP53/TSC1/VAV1/VNN1/VSIR/WNT1/WNT4/XBP1/ZAP70/ZBTB1/ZBTB16/ZBTB7B/ZC3H12A/ZC3H8/ZEB1/ZFP36L1/ZFP36L2/ZFPM1/ZMIZ1/ZNF683,239
GO:0050870,positive regulation of T cell activation,202/15173,214/18866,3.88E-09,1.31E-07,9.01E-08,ADA/ADAM8/AGER/AIF1/AKT1/ANXA1/AP3B1/AP3D1/BAD/BCL10/BCL6/BTLA/BTN2A2/CARD11/CAV1/CBFB/CCDC88B/CCL2/CCL5/CCR2/CCR7/CD160/CD1D/CD209/CD24/CD27/CD274/CD276/CD28/CD3E/CD4/CD40LG/CD46/CD47/CD5/CD55/CD6/CD70/CD74/CD80/CD81/CD83/CD86/CDC42/CLECL1/CORO1A/CSK/CTLA4/CYLD/CYRIB/DNAJA3/DOCK8/DPP4/DUSP10/EBI3/EFNB1/EFNB2/EFNB3/EGR3/FADD/FLOT2/FOXP3/FYN/GATA3/GLI3/GPAM/GRAP2/GRB2/HAVCR2/HES1/HHLA2/HLA-A/HLA-DMB/HLA-DPA1/HLA-DPB1/HLA-E/HLA-G/HLX/HMGB1/HSPD1/HSPH1/ICOS/ICOSLG/IFNG/IGFBP2/IHH/IL12A/IL12RB1/IL15/IL18/IL1A/IL1B/IL1RL2/IL2/IL21/IL23A/IL23R/IL27RA/IL2RA/IL4/IL4R/IL6/IL6ST/IL7/IL7R/ITPKB/JAK3/KLRC4-KLRK1/KLRK1/LCK/LEF1/LEP/LGALS1/LGALS9/LILRB1/LILRB2/LILRB4/LYN/MALT1/MAP3K8/MDK/MYB/NCK1/NCK2/NCKAP1L/NFKBID/NFKBIZ/NKAP/NLRP3/NOD2/PAK1/PAK2/PAK3/PCK1/PDCD1/PDCD1LG2/PDPK1/PIK3CA/PIK3R1/PIK3R6/PNP/PRKCQ/PRKCZ/PTPN11/PTPN22/PTPN6/PTPRC/PYCARD/RAC1/RAG1/RARA/RASAL3/RASGRP1/RHOA/RHOH/RIPK2/RPS3/RUNX1/RUNX3/SART1/SASH3/SELENOK/SHH/SIRPA/SIRPB1/SIRPG/SLC7A1/SOCS1/SOCS5/SOX12/SOX13/SOX4/SPTA1/SRC/STAT5B/SYK/TESPA1/TFRC/TGFBR2/TMIGD2/TNFRSF13C/TNFRSF14/TNFSF11/TNFSF13B/TNFSF14/TNFSF4/TNFSF9/TRAF6/VAV1/VCAM1/VNN1/VSIR/VTCN1/XBP1/XCL1/YES1/ZAP70/ZBTB1/ZBTB16/ZBTB7B/ZMIZ1/ZP3,202
GO:0042098,T cell proliferation,184/15173,195/18866,2.13E-08,5.96E-07,4.11E-07,ABL1/AGER/AIF1/ANXA1/ARG1/ARG2/BAX/BMP4/BTN2A2/BTN3A1/CARD11/CASP3/CCDC88B/CCL5/CCND3/CCR2/CD151/CD1D/CD209/CD24/CD274/CD276/CD28/CD3E/CD4/CD40LG/CD46/CD55/CD6/CD70/CD80/CD81/CD86/CEBPB/CLC/CLEC4G/CLECL1/CORO1A/CRTAM/CTLA4/CTNNB1/CTPS1/DLG1/DLG5/DNAJA3/DOCK2/DOCK8/EBI3/EFNB1/ELF4/ERBB2/FADD/FKBP1B/FOXJ1/FOXP3/FYN/GLMN/GNRH1/GPAM/GPNMB/HAVCR2/HES1/HHLA2/HLA-A/HLA-DMB/HLA-DPA1/HLA-DPB1/HLA-DRB1/HLA-E/HLA-G/HMGB1/ICOSLG/IDO1/IGFBP2/IHH/IL10/IL12A/IL12RB1/IL15/IL18/IL1A/IL1B/IL2/IL20RB/IL21/IL23A/IL23R/IL27/IL27RA/IL2RA/IL4/IL6/IL6ST/IRF1/JAK3/LEP/LGALS3/LGALS9/LGALS9B/LGALS9C/LILRB1/LILRB2/LMBR1L/LRRC32/MAD1L1/MALT1/MAPK8IP1/MARCHF7/MSN/NCK1/NCK2/NCKAP1L/NCSTN/NDFIP1/P2RX7/PAWR/PDCD1LG2/PDE5A/PELI1/PIK3CG/PLA2G2D/PLA2G2F/PNP/PPP3CB/PRDX2/PRKAR1A/PRKCQ/PRNP/PSMB10/PTPN22/PTPN6/PTPRC/PYCARD/RAC2/RASAL3/RASGRP1/RC3H1/RC3H2/RIPK2/RIPK3/RPS3/SASH3/SATB1/SCGB1A1/SCRIB/SDC4/SELENOK/SFTPD/SH3RF1/SHH/SLC11A1/SLC7A1/SOS1/SPN/SPTA1/STAT5B/SYK/TFRC/TGFBR2/TMEM131L/TMIGD2/TNFRSF13C/TNFRSF14/TNFRSF1B/TNFRSF21/TNFRSF4/TNFSF13B/TNFSF14/TNFSF18/TNFSF4/TNFSF8/TNFSF9/TP53/TRAF6/TWSG1/VCAM1/VSIG4/VSIR/VTCN1/WNT4/XCL1/ZAP70/ZBTB7B/ZP3,184
GO:0046631,alpha-beta T cell activation,138/15173,146/18866,9.62E-07,1.68E-05,1.16E-05,ABL1/ADA/ADORA2A/AGER/ANXA1/AP3B1/AP3D1/ARG2/ATP7A/BATF/BCL11B/BCL2/BCL3/BCL6/CBFB/CCR2/CD160/CD274/CD28/CD300A/CD3E/CD55/CD80/CD81/CD83/CD86/CDH26/CLEC4A/CRTAM/CTSL/DOCK2/EBI3/ELF4/EOMES/FOXP1/FOXP3/FUT7/GATA3/GLI3/GPR18/GPR183/HFE/HLA-A/HLA-E/HLX/HMGB1/HSPH1/IFNG/IHH/IL12A/IL12RB1/IL15/IL18/IL18R1/IL2/IL21/IL23A/IL23R/IL27/IL4/IL4R/IL6/IRF1/IRF4/ITK/ITPKB/JAK3/LEF1/LGALS9/LGALS9B/LGALS9C/LILRB1/LOXL3/LY9/MALT1/MAPK8IP1/MTOR/MYB/NCKAP1L/NFKBID/NFKBIZ/NKAP/NLRP3/PLA2G2D/PNP/PRDM1/PRKCQ/PRKCZ/PRR7/PSAP/PTGER4/PTPN22/PTPRC/RARA/RASAL3/RC3H1/RC3H2/RELB/RHOA/RIPK2/RORA/RORC/RSAD2/RUNX1/RUNX3/SASH3/SATB1/SEMA4A/SH3RF1/SHH/SLAMF6/SMAD7/SOCS1/SOCS5/SPN/STAT3/STAT6/STOML2/SYK/TARM1/TBX21/TCF7/TCIRG1/TGFBR2/TMEM98/TNFRSF14/TNFSF4/TNFSF8/TOX/TWSG1/VSIR/XCL1/ZAP70/ZBTB16/ZBTB7B/ZC3H12A/ZFPM1/ZNF683,138
GO:0042129,regulation of T cell proliferation,156/15173,167/18866,1.81E-06,2.93E-05,2.02E-05,AGER/AIF1/ANXA1/ARG1/ARG2/BMP4/BTN2A2/CARD11/CASP3/CCDC88B/CCL5/CCR2/CD1D/CD209/CD24/CD274/CD276/CD28/CD3E/CD4/CD40LG/CD46/CD55/CD6/CD70/CD80/CD81/CD86/CEBPB/CLC/CLEC4G/CLECL1/CORO1A/CRTAM/CTLA4/CTNNB1/DLG1/DLG5/DNAJA3/EBI3/EFNB1/ERBB2/FADD/FOXJ1/FOXP3/GLMN/GNRH1/GPAM/GPNMB/HAVCR2/HES1/HHLA2/HLA-A/HLA-DMB/HLA-DPA1/HLA-DPB1/HLA-DRB1/HLA-E/HLA-G/HMGB1/ICOSLG/IDO1/IGFBP2/IHH/IL10/IL12A/IL12RB1/IL15/IL18/IL1A/IL1B/IL2/IL20RB/IL21/IL23A/IL23R/IL27/IL27RA/IL2RA/IL4/IL6/IL6ST/IRF1/JAK3/LEP/LGALS3/LGALS9/LGALS9B/LGALS9C/LILRB1/LILRB2/LRRC32/MAD1L1/MAPK8IP1/MARCHF7/NCK1/NCK2/NCKAP1L/NDFIP1/PAWR/PDCD1LG2/PDE5A/PELI1/PLA2G2D/PLA2G2F/PNP/PRKAR1A/PRKCQ/PRNP/PTPN22/PTPN6/PTPRC/PYCARD/RAC2/RASAL3/RC3H1/RIPK2/RIPK3/RPS3/SASH3/SCGB1A1/SCRIB/SDC4/SELENOK/SFTPD/SH3RF1/SHH/SLC7A1/SOS1/SPN/SPTA1/STAT5B/SYK/TFRC/TGFBR2/TMEM131L/TMIGD2/TNFRSF13C/TNFRSF14/TNFRSF1B/TNFRSF21/TNFSF13B/TNFSF18/TNFSF4/TNFSF8/TNFSF9/TRAF6/TWSG1/VCAM1/VSIG4/VSIR/VTCN1/XCL1/ZAP70/ZBTB7B/ZP3,156
GO:0002456,T cell mediated immunity,100/15173,104/18866,2.64E-06,4.00E-05,2.76E-05,AGER/AIRE/ARG1/B2M/BTN3A2/BTN3A3/CCR2/CD1A/CD1B/CD1C/CD1D/CD1E/CD46/CD55/CD70/CD81/CD8A/CEACAM1/CLC/CLEC4G/CTSC/CTSH/CYRIB/DENND1B/DLG1/DUSP22/EMP2/FADD/FBXO38/FCGR2B/FOXP3/FUT7/FZD5/GATA3/GFUS/GNL1/GZMM/HFE/HLA-A/HLA-B/HLA-E/HLA-F/HLA-G/HLA-H/HMGB1/HPRT1/HSPD1/ICAM1/IFNB1/IL12A/IL12RB1/IL18/IL18R1/IL18RAP/IL1B/IL1R1/IL20RB/IL23A/IL23R/IL31RA/IL4/IL6/IL7R/JAG1/KDELR1/LILRB1/MALT1/MAP3K7/MICA/MR1/MYO1G/NECTIN2/NLRP3/P2RX7/PPP3CB/PRF1/PRKCZ/PTPRC/PVR/RAB27A/RFTN1/RIPK3/RSAD2/SASH3/SCART1/SLC11A1/SLC22A13/SMAD7/STARD7/STX7/TBX21/TNFRSF1B/TNFSF4/TRAF2/TRAF6/TRPM4/WAS/XCL1/ZBTB1/ZP3,100
GO:0045580,regulation of T cell differentiation,140/15173,150/18866,7.16E-06,9.65E-05,6.66E-05,ABL1/ADA/ADAM8/ANXA1/AP3B1/AP3D1/BAD/BCL6/BMP4/BTN2A2/CAMK4/CARD11/CBFB/CCR2/CD2/CD27/CD28/CD46/CD74/CD80/CD83/CD86/CLPTM1/CR1/CRTAM/CTLA4/CYLD/DROSHA/DTX1/DUSP10/EGR3/ERBB2/FANCA/FANCD2/FGL2/FOXJ1/FOXP3/GATA3/GLI3/HLA-DOA/HLA-G/HLX/HMGB1/IFNB1/IFNG/IFNL1/IHH/IL12A/IL12RB1/IL15/IL18/IL1A/IL1B/IL1RL2/IL2/IL23A/IL23R/IL27/IL2RA/IL4/IL4R/IL7/IL7R/IRF1/IRF4/ITPKB/JAK3/KAT2A/LAG3/LEF1/LGALS9/LILRB2/LILRB4/LOXL3/MALT1/MDK/METTL3/MYB/NCKAP1L/NFATC2/NFKBID/NFKBIZ/NKAP/NLRP3/NRARP/PCK1/PIK3R6/PNP/PRDM1/PRDX2/PRELID1/PRKCZ/PTPN2/PTPRC/RAG1/RARA/RASGRP1/RC3H1/RC3H2/RHOA/RHOH/RIPK2/RUNX1/RUNX3/SART1/SASH3/SH3RF1/SHH/SLC46A2/SMAD7/SOCS1/SOCS5/SOD1/SOS1/SOX12/SOX13/SOX4/STAT5B/SYK/TBX21/TCF7/TESPA1/TGFBR2/TMEM131L/TNFRSF18/TNFSF4/TNFSF9/TOX/VNN1/VSIR/XBP1/ZAP70/ZBTB1/ZBTB16/ZBTB7B/ZC3H12A/ZC3H8/ZEB1/ZMIZ1/ZNF683,140
GO:0046634,regulation of alpha-beta T cell activation,93/15173,97/18866,9.34E-06,0.000120703,8.33E-05,ADA/ADORA2A/AGER/ANXA1/AP3B1/AP3D1/ARG2/BCL6/CBFB/CCR2/CD160/CD274/CD28/CD300A/CD3E/CD55/CD80/CD81/CD83/CD86/CRTAM/EBI3/FOXP3/GATA3/GLI3/HFE/HLA-A/HLA-E/HLX/HMGB1/HSPH1/IFNG/IHH/IL12A/IL12RB1/IL18/IL2/IL23A/IL23R/IL27/IL4/IL4R/IRF1/IRF4/ITPKB/JAK3/LGALS9/LGALS9B/LGALS9C/LILRB1/LOXL3/MALT1/MAPK8IP1/MYB/NCKAP1L/NFKBID/NFKBIZ/NKAP/NLRP3/PNP/PRDM1/PRKCQ/PRKCZ/PTPN22/PTPRC/RARA/RASAL3/RC3H1/RC3H2/RHOA/RIPK2/RUNX1/RUNX3/SASH3/SH3RF1/SHH/SMAD7/SOCS1/SOCS5/SYK/TARM1/TBX21/TGFBR2/TNFRSF14/TNFSF4/TWSG1/VSIR/XCL1/ZAP70/ZBTB16/ZBTB7B/ZC3H12A/ZNF683,93
GO:0033077,T cell differentiation in thymus,74/15173,76/18866,1.18E-05,0.000146982,0.000101392,ADA/ADAM17/ADAM8/AIRE/ATG5/B2M/BCL11B/BCL2/BMP4/CAMK4/CARD11/CCR6/CCR7/CD28/CD3D/CD3E/CD3G/CD74/CDK6/CLPTM1/CTNNB1/DNAJA3/DOCK2/EGR3/ERBB2/FADD/FOXJ1/FOXP3/FZD5/FZD7/FZD8/GATA3/GLI3/IHH/IL1A/IL1B/IL7R/ITPKB/JAG2/JMJD6/LIG4/MAFB/MR1/NCAPH2/NFKBID/NKAP/PRKDC/PRR7/PTPN2/PTPRC/RABL3/RAG1/RAG2/RASGRP1/RIPK3/SHH/SOD1/SOS1/SRF/STAT5B/STK11/TESPA1/TMEM131L/TOX/TP53/VNN1/WNT1/WNT4/ZAP70/ZBTB1/ZC3H8/ZEB1/ZFP36L1/ZFP36L2,74
GO:0050868,negative regulation of T cell activation,111/15173,118/18866,2.32E-05,0.000270544,0.000186627,ADORA2A/ANXA1/ARG1/ARG2/BCL6/BMP4/BTN2A2/CASP3/CBFB/CD274/CD300A/CD74/CD80/CD86/CEACAM1/CEBPB/CLEC4G/CRTAM/CTLA4/DLG1/DLG5/DTX1/DUSP22/DUSP3/ERBB2/FCGR2B/FGL2/FOXJ1/FOXP3/GLI3/GLMN/GNRH1/GPNMB/HAVCR2/HFE/HLA-DRB1/HLA-G/HLX/HMGB1/IDO1/IFNB1/IFNL1/IHH/IL10/IL2/IL20RB/IL2RA/IL4/IL4R/IRF1/JAK3/LAG3/LAX1/LGALS3/LGALS9/LGALS9B/LGALS9C/LILRB1/LILRB2/LOXL3/LRRC32/MAD1L1/MARCHF7/MDK/NDFIP1/NFKBID/NRARP/PAG1/PAWR/PDCD1LG2/PDE5A/PELI1/PLA2G2D/PLA2G2F/PRDX2/PRKAR1A/PRNP/PTPN2/PTPN22/PTPN6/RC3H1/RC3H2/RIPOR2/RUNX1/RUNX3/SCGB1A1/SCRIB/SDC4/SFTPD/SHH/SMAD7/SOCS1/SOCS5/SOCS6/SPN/TARM1/TBX21/TIGIT/TMEM131L/TNFAIP8L2/TNFRSF14/TNFRSF21/TNFSF4/TWSG1/VSIG4/VSIR/VTCN1/XCL1/ZBTB7B/ZC3H12A/ZC3H8,111
GO:0046632,alpha-beta T cell differentiation,100/15173,106/18866,4.17E-05,0.000444746,0.000306796,ABL1/ADA/ANXA1/AP3B1/AP3D1/ATP7A/BATF/BCL11B/BCL2/BCL3/BCL6/CBFB/CD80/CD83/CD86/CTSL/EOMES/FOXP1/FOXP3/FUT7/GATA3/GLI3/GPR18/GPR183/HLX/HMGB1/IFNG/IHH/IL12RB1/IL18/IL18R1/IL2/IL21/IL23A/IL23R/IL27/IL4/IL4R/IL6/IRF1/IRF4/ITK/ITPKB/JAK3/LEF1/LGALS9/LOXL3/LY9/MALT1/MTOR/MYB/NCKAP1L/NFKBID/NFKBIZ/NKAP/NLRP3/PLA2G2D/PNP/PRDM1/PRKCZ/PRR7/PSAP/PTGER4/RARA/RC3H1/RC3H2/RELB/RHOA/RIPK2/RORA/RORC/RSAD2/RUNX1/RUNX3/SASH3/SATB1/SEMA4A/SH3RF1/SHH/SLAMF6/SMAD7/SOCS1/SOCS5/SPN/STAT3/STAT6/SYK/TBX21/TCF7/TGFBR2/TMEM98/TNFSF4/TNFSF8/TOX/ZAP70/ZBTB16/ZBTB7B/ZC3H12A/ZFPM1/ZNF683,100
GO:0045582,positive regulation of T cell differentiation,87/15173,92/18866,0.000103533,0.000977995,0.000674643,ADA/ADAM8/ANXA1/AP3B1/AP3D1/BAD/BCL6/BTN2A2/CBFB/CD27/CD46/CD74/CD80/CD83/CD86/CYLD/DUSP10/EGR3/FOXP3/GATA3/GLI3/HLA-G/HLX/IFNG/IHH/IL12A/IL12RB1/IL18/IL1A/IL1B/IL1RL2/IL2/IL23A/IL23R/IL2RA/IL4/IL4R/IL7/IL7R/ITPKB/LEF1/LGALS9/LILRB2/LILRB4/MALT1/MDK/MYB/NCKAP1L/NFKBID/NFKBIZ/NKAP/NLRP3/PCK1/PIK3R6/PNP/PRKCZ/PTPRC/RAG1/RARA/RASGRP1/RHOA/RHOH/RIPK2/RUNX1/RUNX3/SART1/SASH3/SHH/SOCS1/SOCS5/SOX12/SOX13/SOX4/STAT5B/SYK/TESPA1/TGFBR2/TNFSF4/TNFSF9/VNN1/VSIR/XBP1/ZAP70/ZBTB1/ZBTB16/ZBTB7B/ZMIZ1,87
GO:0042130,negative regulation of T cell proliferation,62/15173,64/18866,0.000117638,0.001082904,0.000747012,ARG1/ARG2/BMP4/BTN2A2/CASP3/CD274/CD80/CD86/CEBPB/CLEC4G/CRTAM/CTLA4/DLG1/DLG5/ERBB2/FOXJ1/FOXP3/GLMN/GNRH1/GPNMB/HAVCR2/HLA-DRB1/HLA-G/IDO1/IHH/IL10/IL20RB/IL2RA/LGALS9/LGALS9B/LGALS9C/LILRB1/LILRB2/LRRC32/MAD1L1/MARCHF7/NDFIP1/PAWR/PDCD1LG2/PDE5A/PELI1/PLA2G2D/PLA2G2F/PRKAR1A/PRNP/PTPN6/RC3H1/SCGB1A1/SCRIB/SDC4/SFTPD/SHH/SPN/TMEM131L/TNFRSF14/TNFRSF21/TWSG1/VSIG4/VSIR/VTCN1/XCL1/ZBTB7B,62
GO:0002709,regulation of T cell mediated immunity,70/15173,73/18866,0.000130059,0.001180236,0.000814154,AGER/ARG1/B2M/CCR2/CD1A/CD1B/CD1C/CD1D/CD1E/CD81/CEACAM1/CLC/CLEC4G/CYRIB/DUSP22/FADD/FBXO38/FCGR2B/FOXP3/FUT7/FZD5/GATA3/HFE/HLA-A/HLA-B/HLA-E/HLA-F/HLA-G/HLA-H/HMGB1/HSPD1/IFNB1/IL12A/IL12RB1/IL18/IL18R1/IL1B/IL1R1/IL20RB/IL23A/IL23R/IL6/IL7R/LILRB1/MALT1/MAP3K7/MR1/NECTIN2/NLRP3/P2RX7/PPP3CB/PRKCZ/PTPRC/PVR/RIPK3/RSAD2/SASH3/SLC22A13/SMAD7/STX7/TBX21/TNFRSF1B/TNFSF4/TRAF2/TRAF6/TRPM4/WAS/XCL1/ZBTB1/ZP3,70
GO:0035710,"CD4-positive, alpha-beta T cell activation",91/15173,97/18866,0.000177803,0.001524457,0.001051605,AGER/ANXA1/ARG2/ATP7A/BATF/BCL3/BCL6/CBFB/CD160/CD274/CD55/CD80/CD81/CD83/CD86/CDH26/CTSL/FOXP1/FOXP3/FUT7/GATA3/GPR183/HLX/HMGB1/IFNG/IL12A/IL12RB1/IL18/IL18R1/IL2/IL21/IL23A/IL23R/IL27/IL4/IL4R/IL6/IRF4/JAK3/LEF1/LGALS9/LGALS9B/LGALS9C/LOXL3/LY9/MALT1/MTOR/MYB/NCKAP1L/NFKBID/NFKBIZ/NLRP3/PLA2G2D/PRKCQ/PRKCZ/PTGER4/RARA/RC3H1/RC3H2/RELB/RIPK2/RORA/RORC/RSAD2/RUNX1/RUNX3/SASH3/SATB1/SEMA4A/SH3RF1/SLAMF6/SMAD7/SOCS1/SOCS5/SPN/STAT3/STAT6/STOML2/TARM1/TBX21/TCIRG1/TGFBR2/TMEM98/TNFSF4/TOX/TWSG1/VSIR/XCL1/ZBTB7B/ZC3H12A/ZFPM1,91
GO:0002292,T cell differentiation involved in immune response,68/15173,71/18866,0.000186021,0.001580324,0.001090143,ANXA1/ATP7A/BATF/BCL3/BCL6/CD46/CD80/CD86/CLEC4D/CLEC4E/EOMES/FCER1G/FGL2/FOXP1/FOXP3/GATA3/GPR183/HLX/HMGB1/IFNG/IFNL1/IL12RB1/IL18/IL18R1/IL2/IL21/IL23A/IL23R/IL27/IL4/IL4R/IL6/IRF4/JAK3/LEF1/LGALS9/LOXL3/LY9/MALT1/MTOR/MYB/NFKBID/NFKBIZ/NLRP3/PCK1/PRKCZ/PTGER4/RARA/RC3H1/RC3H2/RELB/RIPK2/RORA/RORC/SEMA4A/SLAMF6/SMAD7/SOCS5/SPN/STAT3/STAT6/TBX21/TMEM98/TNFSF4/TSC1/ZBTB7B/ZC3H12A/ZFPM1,68
GO:0031295,T cell costimulation,54/15173,56/18866,0.000525787,0.003759177,0.002593166,AKT1/BTLA/CARD11/CAV1/CCR7/CD160/CD24/CD274/CD28/CD3E/CD40LG/CD5/CD80/CD81/CD86/CDC42/CSK/CTLA4/DPP4/EFNB1/EFNB2/EFNB3/FYN/GRAP2/GRB2/HHLA2/ICOS/ICOSLG/KLRC4-KLRK1/KLRK1/LCK/LGALS1/LYN/MAP3K8/PAK1/PAK2/PAK3/PDCD1/PDCD1LG2/PDPK1/PIK3CA/PIK3R1/PTPN11/PTPN6/RAC1/SRC/TMIGD2/TNFRSF13C/TNFRSF14/TNFSF13B/TNFSF14/TNFSF4/VAV1/YES1,54
GO:0046637,regulation of alpha-beta T cell differentiation,61/15173,64/18866,0.000639321,0.004392122,0.003029785,ADA/ANXA1/AP3B1/AP3D1/BCL6/CBFB/CD80/CD83/CD86/FOXP3/GATA3/GLI3/HLX/HMGB1/IFNG/IHH/IL12RB1/IL18/IL2/IL23A/IL23R/IL27/IL4/IL4R/IRF4/ITPKB/JAK3/LGALS9/LOXL3/MALT1/MYB/NCKAP1L/NFKBID/NFKBIZ/NKAP/NLRP3/PNP/PRDM1/PRKCZ/RARA/RC3H1/RC3H2/RHOA/RIPK2/RUNX1/RUNX3/SASH3/SH3RF1/SHH/SMAD7/SOCS1/SOCS5/SYK/TBX21/TGFBR2/TNFSF4/ZAP70/ZBTB16/ZBTB7B/ZC3H12A/ZNF683,61
GO:0002287,alpha-beta T cell activation involved in immune response,60/15173,63/18866,0.000760725,0.005065523,0.003494313,ANXA1/ATP7A/BATF/BCL3/BCL6/CD80/CD86/EOMES/FOXP1/FOXP3/GATA3/GPR183/HLX/HMGB1/IFNG/IL12RB1/IL18/IL18R1/IL2/IL21/IL23A/IL23R/IL27/IL4/IL4R/IL6/IRF4/JAK3/LEF1/LGALS9/LOXL3/LY9/MALT1/MTOR/MYB/NFKBID/NFKBIZ/NLRP3/PRKCZ/PTGER4/RARA/RC3H1/RC3H2/RELB/RIPK2/RORA/RORC/SEMA4A/SLAMF6/SMAD7/SOCS5/SPN/STAT3/STAT6/TBX21/TMEM98/TNFSF4/ZBTB7B/ZC3H12A/ZFPM1,60
GO:0002293,alpha-beta T cell differentiation involved in immune response,60/15173,63/18866,0.000760725,0.005065523,0.003494313,ANXA1/ATP7A/BATF/BCL3/BCL6/CD80/CD86/EOMES/FOXP1/FOXP3/GATA3/GPR183/HLX/HMGB1/IFNG/IL12RB1/IL18/IL18R1/IL2/IL21/IL23A/IL23R/IL27/IL4/IL4R/IL6/IRF4/JAK3/LEF1/LGALS9/LOXL3/LY9/MALT1/MTOR/MYB/NFKBID/NFKBIZ/NLRP3/PRKCZ/PTGER4/RARA/RC3H1/RC3H2/RELB/RIPK2/RORA/RORC/SEMA4A/SLAMF6/SMAD7/SOCS5/SPN/STAT3/STAT6/TBX21/TMEM98/TNFSF4/ZBTB7B/ZC3H12A/ZFPM1,60
GO:0046635,positive regulation of alpha-beta T cell activation,60/15173,63/18866,0.000760725,0.005065523,0.003494313,ADA/ANXA1/AP3B1/AP3D1/CBFB/CCR2/CD160/CD28/CD3E/CD55/CD80/CD81/CD83/CD86/EBI3/FOXP3/GLI3/HLA-A/HLA-E/HLX/HSPH1/IFNG/IHH/IL12A/IL12RB1/IL18/IL23A/IL23R/IL4R/ITPKB/LGALS9/MALT1/MYB/NCKAP1L/NFKBID/NFKBIZ/NKAP/NLRP3/PNP/PRKCQ/PRKCZ/PTPN22/PTPRC/RARA/RASAL3/RHOA/RIPK2/RUNX1/RUNX3/SASH3/SHH/SOCS1/SOCS5/SYK/TGFBR2/TNFSF4/XCL1/ZAP70/ZBTB16/ZBTB7B,60
GO:0002294,"CD4-positive, alpha-beta T cell differentiation involved in immune response",59/15173,62/18866,0.000904568,0.00587879,0.004055323,ANXA1/ATP7A/BATF/BCL3/BCL6/CD80/CD86/FOXP1/FOXP3/GATA3/GPR183/HLX/HMGB1/IFNG/IL12RB1/IL18/IL18R1/IL2/IL21/IL23A/IL23R/IL27/IL4/IL4R/IL6/IRF4/JAK3/LEF1/LGALS9/LOXL3/LY9/MALT1/MTOR/MYB/NFKBID/NFKBIZ/NLRP3/PRKCZ/PTGER4/RARA/RC3H1/RC3H2/RELB/RIPK2/RORA/RORC/SEMA4A/SLAMF6/SMAD7/SOCS5/SPN/STAT3/STAT6/TBX21/TMEM98/TNFSF4/ZBTB7B/ZC3H12A/ZFPM1,59
GO:0050856,regulation of T cell receptor signaling pathway,42/15173,43/18866,0.000971133,0.006230401,0.004297872,ADA/BCL10/BTN2A2/CACNA1F/CARD11/CCR7/CD160/CD226/CD300A/CD81/CEACAM1/CYLD/DGKZ/DUSP22/DUSP3/ELF1/EZR/GBP1/KCNN4/LCK/LGALS3/LILRB4/MALT1/NECTIN2/PAWR/PHPT1/PRKD2/PRNP/PTPN2/PTPN22/PTPN6/PTPRJ/PVRIG/RAB29/RC3H1/RELA/RPS3/SH2D1A/SLA2/TESPA1/TRAT1/UBASH3A,42
GO:0043367,"CD4-positive, alpha-beta T cell differentiation",73/15173,78/18866,0.000997509,0.006355696,0.004384303,ANXA1/ATP7A/BATF/BCL3/BCL6/CBFB/CD80/CD83/CD86/CTSL/FOXP1/FOXP3/FUT7/GATA3/GPR183/HLX/HMGB1/IFNG/IL12RB1/IL18/IL18R1/IL2/IL21/IL23A/IL23R/IL27/IL4/IL4R/IL6/IRF4/JAK3/LEF1/LGALS9/LOXL3/LY9/MALT1/MTOR/MYB/NCKAP1L/NFKBID/NFKBIZ/NLRP3/PLA2G2D/PRKCZ/PTGER4/RARA/RC3H1/RC3H2/RELB/RIPK2/RORA/RORC/RSAD2/RUNX1/RUNX3/SASH3/SATB1/SEMA4A/SH3RF1/SLAMF6/SMAD7/SOCS1/SOCS5/SPN/STAT3/STAT6/TBX21/TMEM98/TNFSF4/TOX/ZBTB7B/ZC3H12A/ZFPM1,73
GO:0042102,positive regulation of T cell proliferation,93/15173,101/18866,0.001007496,0.006406767,0.004419533,AGER/AIF1/ANXA1/CARD11/CCDC88B/CCL5/CCR2/CD1D/CD209/CD24/CD274/CD276/CD28/CD3E/CD4/CD40LG/CD46/CD55/CD6/CD70/CD80/CD81/CD86/CLECL1/CORO1A/DNAJA3/EBI3/EFNB1/FADD/FOXP3/GPAM/HAVCR2/HES1/HHLA2/HLA-A/HLA-DMB/HLA-DPA1/HLA-DPB1/HLA-E/HMGB1/ICOSLG/IGFBP2/IL12A/IL12RB1/IL15/IL18/IL1A/IL1B/IL2/IL21/IL23A/IL23R/IL27RA/IL2RA/IL4/IL6/IL6ST/JAK3/LEP/LGALS9/LILRB2/NCK1/NCK2/NCKAP1L/PDCD1LG2/PNP/PRKCQ/PTPN22/PTPRC/PYCARD/RASAL3/RIPK2/RPS3/SASH3/SELENOK/SHH/SLC7A1/SPTA1/STAT5B/SYK/TFRC/TGFBR2/TMIGD2/TNFRSF13C/TNFSF13B/TNFSF4/TNFSF9/TRAF6/VCAM1/VTCN1/XCL1/ZAP70/ZP3,93
GO:0002711,positive regulation of T cell mediated immunity,48/15173,50/18866,0.00157883,0.009345006,0.006446397,B2M/CD1A/CD1B/CD1C/CD1D/CD1E/CD81/CYRIB/FADD/FBXO38/FOXP3/FZD5/GATA3/HLA-A/HLA-B/HLA-E/HLA-F/HLA-G/HLA-H/HSPD1/IL12A/IL12RB1/IL18/IL18R1/IL1B/IL1R1/IL23A/IL23R/IL6/MALT1/MAP3K7/MR1/NECTIN2/NLRP3/P2RX7/PRKCZ/PTPRC/PVR/RSAD2/SASH3/SLC22A13/STX7/TNFSF4/TRAF2/TRAF6/XCL1/ZBTB1/ZP3,48
GO:0046636,negative regulation of alpha-beta T cell activation,39/15173,40/18866,0.001750381,0.010193306,0.007031574,ADORA2A/ANXA1/ARG2/BCL6/CBFB/CD274/CD300A/FOXP3/GLI3/HFE/HLX/HMGB1/IHH/IL2/IL4/IL4R/JAK3/LGALS9/LGALS9B/LGALS9C/LILRB1/LOXL3/RC3H1/RC3H2/RUNX1/RUNX3/SHH/SMAD7/SOCS1/SOCS5/TARM1/TBX21/TNFRSF14/TNFSF4/TWSG1/VSIR/XCL1/ZBTB7B/ZC3H12A,39
GO:0045058,T cell selection,47/15173,49/18866,0.001892022,0.010739083,0.007408064,AIRE/ATG5/BATF/BCL11B/BCL2/CARD11/CCR7/CD1D/CD28/CD3D/CD3E/CD3G/CD4/CD74/CTSL/CYLD/DOCK2/FOXP3/GATA3/GLI3/IL12RB1/IL15/IL23A/IL23R/IL6/IRF4/ITPKB/JAG2/LOXL3/LY9/MTOR/PTPN2/PTPRC/RHOA/SHH/SLAMF6/SPN/SRF/STAT3/STAT6/STK11/SYK/TBX21/THEMIS/TOX/ZAP70/ZFPM1,47
GO:2000514,"regulation of CD4-positive, alpha-beta T cell activation",59/15173,63/18866,0.003026262,0.01597699,0.011021291,AGER/ANXA1/ARG2/BCL6/CBFB/CD160/CD274/CD55/CD80/CD81/CD83/CD86/FOXP3/GATA3/HLX/HMGB1/IFNG/IL12RB1/IL18/IL2/IL23A/IL23R/IL27/IL4/IL4R/IRF4/JAK3/LGALS9/LGALS9B/LGALS9C/LOXL3/MALT1/MYB/NCKAP1L/NFKBID/NFKBIZ/NLRP3/PRKCQ/PRKCZ/RARA/RC3H1/RC3H2/RIPK2/RUNX1/RUNX3/SASH3/SH3RF1/SMAD7/SOCS1/SOCS5/TARM1/TBX21/TGFBR2/TNFSF4/TWSG1/VSIR/XCL1/ZBTB7B/ZC3H12A,59
GO:0046639,negative regulation of alpha-beta T cell differentiation,25/15173,25/18866,0.004296434,0.021363831,0.014737256,ANXA1/BCL6/CBFB/FOXP3/GLI3/HLX/HMGB1/IHH/IL2/IL4/IL4R/JAK3/LOXL3/RC3H1/RC3H2/RUNX1/RUNX3/SHH/SMAD7/SOCS1/SOCS5/TBX21/TNFSF4/ZBTB7B/ZC3H12A,25
GO:0001913,T cell mediated cytotoxicity,42/15173,44/18866,0.004623247,0.022608341,0.015595747,AGER/B2M/CD1A/CD1B/CD1C/CD1D/CD1E/CEACAM1/CTSC/CTSH/CYRIB/EMP2/FADD/FCGR2B/GFUS/GZMM/HLA-A/HLA-B/HLA-E/HLA-F/HLA-G/HLA-H/HPRT1/IL12A/IL12RB1/IL23A/IL23R/IL7R/LILRB1/MICA/MR1/NECTIN2/P2RX7/PPP3CB/PRF1/PTPRC/PVR/RAB27A/RIPK3/SLC22A13/STX7/XCL1,42
GO:0002369,T cell cytokine production,41/15173,43/18866,0.005514072,0.026349964,0.018176804,ARG1/B2M/CCR2/CD55/CD81/CLC/DENND1B/DLG1/FOXP3/FZD5/GATA3/HFE/HLA-A/HLA-F/IFNB1/IL12A/IL18/IL18R1/IL18RAP/IL1B/IL1R1/IL31RA/IL4/IL6/KDELR1/MALT1/MAP3K7/NLRP3/PRKCZ/RSAD2/SASH3/SLC11A1/SMAD7/STARD7/TBX21/TNFRSF1B/TNFSF4/TRAF2/TRAF6/TRPM4/XCL1,41
GO:0070231,T cell apoptotic process,46/15173,49/18866,0.007995603,0.035960849,0.024806611,ADA/ADAM8/AKT1/ARG2/BAK1/BAX/BCL10/BCL2L11/BMP4/CCL5/CD27/CD274/CLC/DFFA/DNAJA3/DOCK8/EFNA1/FADD/FAS/FASLG/GIMAP8/GLI3/GPAM/HIF1A/IDO1/IL2RA/IL7R/JAK3/KDELR1/LGALS14/LGALS3/LGALS9/LMBR1L/NFKBID/PDCD1/PRELID1/PRKCQ/PTCRA/RAG1/RIPK1/RIPK3/SLC46A2/TP53/TSC22D3/WNT5A/ZC3H8,46
GO:0002724,regulation of T cell cytokine production,31/15173,32/18866,0.008212117,0.036320325,0.025054586,ARG1/B2M/CCR2/CD81/CLC/FOXP3/FZD5/GATA3/HFE/HLA-A/HLA-F/IFNB1/IL18/IL18R1/IL1B/IL1R1/IL6/MALT1/MAP3K7/NLRP3/PRKCZ/RSAD2/SASH3/SMAD7/TBX21/TNFRSF1B/TNFSF4/TRAF2/TRAF6/TRPM4/XCL1,31
GO:0043370,"regulation of CD4-positive, alpha-beta T cell differentiation",45/15173,48/18866,0.009393231,0.040779296,0.028130485,ANXA1/BCL6/CBFB/CD80/CD83/CD86/FOXP3/GATA3/HLX/HMGB1/IFNG/IL12RB1/IL18/IL2/IL23A/IL23R/IL27/IL4/IL4R/IRF4/JAK3/LGALS9/LOXL3/MALT1/MYB/NCKAP1L/NFKBID/NFKBIZ/NLRP3/PRKCZ/RARA/RC3H1/RC3H2/RIPK2/RUNX1/RUNX3/SASH3/SH3RF1/SMAD7/SOCS1/SOCS5/TBX21/TNFSF4/ZBTB7B/ZC3H12A,45
GO:2000515,"negative regulation of CD4-positive, alpha-beta T cell activation",30/15173,31/18866,0.009931438,0.04251938,0.029330835,ANXA1/ARG2/BCL6/CBFB/CD274/FOXP3/HLX/HMGB1/IL2/IL4/IL4R/JAK3/LGALS9/LGALS9B/LGALS9C/LOXL3/RC3H1/RC3H2/RUNX1/RUNX3/SMAD7/SOCS5/TARM1/TBX21/TNFSF4/TWSG1/VSIR/XCL1/ZBTB7B/ZC3H12A,30
GO:0043371,"negative regulation of CD4-positive, alpha-beta T cell differentiation",21/15173,21/18866,0.010281267,0.043303922,0.029872029,ANXA1/BCL6/CBFB/FOXP3/HLX/HMGB1/IL2/IL4/IL4R/JAK3/LOXL3/RC3H1/RC3H2/RUNX1/RUNX3/SMAD7/SOCS5/TBX21/TNFSF4/ZBTB7B/ZC3H12A,21
GO:0046638,positive regulation of alpha-beta T cell differentiation,44/15173,47/18866,0.011022999,0.045804648,0.031597087,ADA/ANXA1/AP3B1/AP3D1/CBFB/CD80/CD83/CD86/FOXP3/GLI3/HLX/IFNG/IHH/IL12RB1/IL18/IL23A/IL23R/IL4R/ITPKB/LGALS9/MALT1/MYB/NCKAP1L/NFKBID/NFKBIZ/NKAP/NLRP3/PNP/PRKCZ/RARA/RHOA/RIPK2/RUNX1/RUNX3/SASH3/SHH/SOCS1/SOCS5/SYK/TGFBR2/TNFSF4/ZAP70/ZBTB16/ZBTB7B,44
GO:0002726,positive regulation of T cell cytokine production,20/15173,20/18866,0.012786956,0.051584376,0.035584075,B2M/CD81/FZD5/GATA3/HLA-A/IL18/IL18R1/IL1B/IL1R1/IL6/MALT1/MAP3K7/NLRP3/PRKCZ/RSAD2/SASH3/TNFSF4/TRAF2/TRAF6/XCL1,20
GO:0045581,negative regulation of T cell differentiation,43/15173,46/18866,0.012920746,0.05191966,0.035815362,ANXA1/BCL6/BMP4/CBFB/CD74/CTLA4/DTX1/ERBB2/FGL2/FOXJ1/FOXP3/GLI3/HLX/HMGB1/IFNB1/IFNL1/IHH/IL2/IL4/IL4R/IRF1/JAK3/LAG3/LOXL3/MDK/NFKBID/NRARP/PRDX2/PTPN2/RC3H1/RC3H2/RUNX1/RUNX3/SHH/SMAD7/SOCS1/SOCS5/TBX21/TMEM131L/TNFSF4/ZBTB7B/ZC3H12A/ZC3H8,43
GO:0043029,T cell homeostasis,36/15173,38/18866,0.013116981,0.052427589,0.036165742,AKT1/BAX/BCL2/BCL2L11/CACNA1F/CASP3/CCNB2/CORO1A/DNAJA3/FADD/FAS/FOXP3/GPAM/GPR174/IL2/IL2RA/JAK3/LGALS9/NCKAP1L/P2RX7/PMAIP1/PPP2R3C/PPP3CB/RAG1/RC3H1/RC3H2/RIPK3/SIT1/SLC39A3/SLC46A2/SPNS2/STAT5B/TCIRG1/TNFSF14/TSC22D3/ZC3H8,36
GO:0046629,gamma-delta T cell activation,19/15173,19/18866,0.015903112,0.061410771,0.042362545,CCR9/CXADR/EGR3/GPR18/ITK/JAG2/JAML/LEF1/LILRB1/MICA/MICB/NCKAP1L/NOD2/PTPRC/SOX13/SOX4/STAT5B/SYK/TCF7,19
GO:0043368,positive T cell selection,34/15173,36/18866,0.018411641,0.069527748,0.047961821,BATF/BCL11B/BCL2/CD3D/CD3E/CD3G/CD74/CTSL/CYLD/DOCK2/FOXP3/IL12RB1/IL23A/IL23R/IL6/IRF4/ITPKB/LOXL3/LY9/MTOR/PTPN2/PTPRC/SHH/SLAMF6/SPN/SRF/STAT3/STAT6/STK11/TBX21/THEMIS/TOX/ZAP70/ZFPM1,34
GO:0046633,alpha-beta T cell proliferation,34/15173,36/18866,0.018411641,0.069527748,0.047961821,ARG2/CCR2/CD274/CD28/CD3E/CD55/CD81/DOCK2/EBI3/ELF4/HLA-A/HLA-E/IL15/IL18/IL23A/IRF1/LGALS9/LGALS9B/LGALS9C/MAPK8IP1/PTPN22/PTPRC/RASAL3/RIPK2/SH3RF1/SYK/TGFBR2/TNFRSF14/TNFSF4/TWSG1/VSIR/XCL1/ZAP70/ZBTB7B,34
GO:2001185,"regulation of CD8-positive, alpha-beta T cell activation",18/15173,18/18866,0.019778414,0.073325677,0.050581718,CBFB/CD274/CRTAM/HFE/HLA-A/HLA-E/IRF1/LILRB1/MAPK8IP1/NCKAP1L/PTPN22/RUNX1/RUNX3/SH3RF1/SOCS1/VSIR/XCL1/ZBTB7B,18
GO:0001914,regulation of T cell mediated cytotoxicity,33/15173,35/18866,0.021773459,0.079141897,0.054593879,AGER/B2M/CD1A/CD1B/CD1C/CD1D/CD1E/CEACAM1/CYRIB/FADD/FCGR2B/HLA-A/HLA-B/HLA-E/HLA-F/HLA-G/HLA-H/IL12A/IL12RB1/IL23A/IL23R/IL7R/LILRB1/MR1/NECTIN2/P2RX7/PPP3CB/PTPRC/PVR/RIPK3/SLC22A13/STX7/XCL1,33
GO:0045066,regulatory T cell differentiation,33/15173,35/18866,0.021773459,0.079141897,0.054593879,BCL6/BTN2A2/CBFB/CD28/CD46/CR1/CTLA4/DROSHA/DUSP10/FANCA/FANCD2/FOXP3/FUT7/HLA-G/IFNG/IL2/IL2RA/IRF1/KAT2A/LAG3/LGALS9/LILRB2/LILRB4/MDK/NFATC2/PLA2G2D/RUNX1/SOCS1/SOX12/TNFRSF18/TNFSF4/TOX/VSIR,33
GO:0046640,regulation of alpha-beta T cell proliferation,31/15173,33/18866,0.030330147,0.100513847,0.069336736,ARG2/CCR2/CD274/CD28/CD3E/CD55/CD81/EBI3/HLA-A/HLA-E/IL18/IL23A/IRF1/LGALS9/LGALS9B/LGALS9C/MAPK8IP1/PTPN22/PTPRC/RASAL3/RIPK2/SH3RF1/SYK/TGFBR2/TNFRSF14/TNFSF4/TWSG1/VSIR/XCL1/ZAP70/ZBTB7B,31
GO:0072678,T cell migration,60/15173,67/18866,0.03484487,0.113115291,0.078029498,ADAM10/ADAM17/ADAM8/AIF1/AIRE/APOD/APP/CCL2/CCL20/CCL26/CCL3/CCL5/CCR2/CCR6/CD200/CD200R1/CD99/CD99L2/CRK/CRKL/CXCL10/CXCL11/CXCL13/CXCL16/CXCR3/DOCK8/ECM1/F11R/FADD/GPR15/GPR183/ICAM1/IL27RA/ITGA4/ITGAL/ITGB7/LRCH1/MSN/MYO1G/OXSR1/PIK3CD/PIK3CG/PYCARD/RHOA/RIPK3/RIPOR2/S1PR1/SELENOK/SLC12A2/SPN/STK39/TMEM102/TNFRSF14/TNFSF14/WNK1/WNT5A/XCL1/XCL2/XG/ZAP70,60
GO:0045589,regulation of regulatory T cell differentiation,30/15173,32/18866,0.035721262,0.115155,0.079436536,BCL6/BTN2A2/CBFB/CD28/CD46/CR1/CTLA4/DROSHA/DUSP10/FANCA/FANCD2/FOXP3/HLA-G/IFNG/IL2/IL2RA/IRF1/KAT2A/LAG3/LGALS9/LILRB2/LILRB4/MDK/NFATC2/RUNX1/SOCS1/SOX12/TNFRSF18/TNFSF4/VSIR,30
GO:0050862,positive regulation of T cell receptor signaling pathway,15/15173,15/18866,0.038043965,0.118584043,0.081801967,ADA/CARD11/CCR7/CD226/CD81/CYLD/KCNN4/LCK/NECTIN2/PRKD2/RAB29/RELA/RPS3/TESPA1/TRAT1,15
GO:0050860,negative regulation of T cell receptor signaling pathway,22/15173,23/18866,0.043907431,0.133079355,0.091801163,BTN2A2/CD160/CEACAM1/DGKZ/DUSP22/DUSP3/ELF1/EZR/GBP1/LGALS3/LILRB4/PAWR/PHPT1/PRNP/PTPN2/PTPN22/PTPN6/PTPRJ/PVRIG/SH2D1A/SLA2/UBASH3A,22
GO:0002286,T cell activation involved in immune response,95/15173,109/18866,0.043918845,0.133079355,0.091801163,ANXA1/APBB1IP/ATP7A/BATF/BCL3/BCL6/CD1C/CD46/CD74/CD80/CD81/CD86/CEACAM1/CLEC4D/CLEC4E/EIF2AK4/EOMES/F2RL1/FCER1G/FCGR2B/FGL2/FOXP1/FOXP3/GATA3/GPR183/HAVCR2/HLA-DMB/HLX/HMGB1/ICAM1/IFNA21/IFNA5/IFNB1/IFNE/IFNG/IFNK/IFNL1/IFNW1/IL12RB1/IL18/IL18R1/IL2/IL21/IL23A/IL23R/IL27/IL4/IL4R/IL6/IRF4/ITGAL/JAK3/LCP1/LEF1/LGALS3/LGALS9/LILRB1/LOXL3/LY9/MALT1/MDK/MTOR/MYB/NFKBID/NFKBIZ/NLRP3/PCK1/PRKCZ/PSEN1/PTGER4/RAB27A/RARA/RC3H1/RC3H2/RELB/RIPK2/RORA/RORC/SEMA4A/SLAMF6/SLC11A1/SMAD7/SOCS5/SPN/STAT3/STAT6/TBX21/TMEM98/TNFSF18/TNFSF4/TP53/TSC1/ZBTB7B/ZC3H12A/ZFPM1,95
GO:0045591,positive regulation of regulatory T cell differentiation,14/15173,14/18866,0.047312146,0.138442882,0.095501046,BCL6/BTN2A2/CD46/DUSP10/FOXP3/HLA-G/IFNG/IL2/LGALS9/LILRB2/LILRB4/SOCS1/SOX12/VSIR,14
GO:0043369,"CD4-positive or CD8-positive, alpha-beta T cell lineage commitment",21/15173,22/18866,0.052591856,0.150437708,0.10377535,BATF/BCL2/CTSL/CYLD/FOXP3/IL12RB1/IL23A/IL23R/IL6/IRF4/LOXL3/LY9/MTOR/SHH/SLAMF6/SPN/STAT3/STAT6/TBX21/TOX/ZFPM1,21
GO:0045061,thymic T cell selection,21/15173,22/18866,0.052591856,0.150437708,0.10377535,AIRE/ATG5/CARD11/CCR7/CD28/CD3D/CD3E/CD3G/CD74/DOCK2/GATA3/GLI3/ITPKB/JAG2/PTPN2/PTPRC/SHH/SRF/STK11/TOX/ZAP70,21
GO:2000516,"positive regulation of CD4-positive, alpha-beta T cell activation",33/15173,36/18866,0.058753461,0.160800948,0.110924148,ANXA1/CD160/CD55/CD80/CD81/CD83/CD86/FOXP3/HLX/IFNG/IL12RB1/IL18/IL23A/IL23R/IL4R/LGALS9/MALT1/MYB/NCKAP1L/NFKBID/NFKBIZ/NLRP3/PRKCQ/PRKCZ/RARA/RIPK2/SASH3/SOCS1/SOCS5/TGFBR2/TNFSF4/XCL1/ZBTB7B,33
GO:0072683,T cell extravasation,13/15173,13/18866,0.05883746,0.160800948,0.110924148,CCL2/CCR2/CD99/CD99L2/CRK/CRKL/F11R/FADD/ICAM1/IL27RA/ITGAL/RIPK3/XG,13
GO:0002363,alpha-beta T cell lineage commitment,20/15173,21/18866,0.062900752,0.16899214,0.116574619,BATF/BCL2/CTSL/FOXP3/IL12RB1/IL23A/IL23R/IL6/IRF4/LOXL3/LY9/MTOR/RHOA/SLAMF6/SPN/STAT3/STAT6/TBX21/TOX/ZFPM1,20
GO:0046641,positive regulation of alpha-beta T cell proliferation,20/15173,21/18866,0.062900752,0.16899214,0.116574619,CCR2/CD28/CD3E/CD55/CD81/EBI3/HLA-A/HLA-E/IL18/IL23A/LGALS9/PTPN22/PTPRC/RASAL3/RIPK2/SYK/TGFBR2/TNFSF4/XCL1/ZAP70,20
GO:0001916,positive regulation of T cell mediated cytotoxicity,26/15173,28/18866,0.067635825,0.180126831,0.124255581,B2M/CD1A/CD1B/CD1C/CD1D/CD1E/CYRIB/FADD/HLA-A/HLA-B/HLA-E/HLA-F/HLA-G/HLA-H/IL12A/IL12RB1/IL23A/IL23R/MR1/NECTIN2/P2RX7/PTPRC/PVR/SLC22A13/STX7/XCL1,26
GO:0002360,T cell lineage commitment,26/15173,28/18866,0.067635825,0.180126831,0.124255581,BATF/BCL2/CTSL/CYLD/FOXP3/IL12RB1/IL23A/IL23R/IL6/IL7/IRF4/LOXL3/LY9/MTOR/PRKDC/RAG2/RHOA/SHH/SLAMF6/SPN/STAT3/STAT6/TBX21/TOX/TP53/ZFPM1,26
GO:0002517,T cell tolerance induction,12/15173,12/18866,0.073169413,0.18855195,0.13006742,AIRE/CD3E/CLC/FOXP3/HLA-B/HLA-G/ICOS/IDO1/IL2RA/LILRB2/PHLPP1/TGFBR2,12
GO:0042492,gamma-delta T cell differentiation,12/15173,12/18866,0.073169413,0.18855195,0.13006742,CCR9/EGR3/GPR18/JAG2/LEF1/NCKAP1L/PTPRC/SOX13/SOX4/STAT5B/SYK/TCF7,12
GO:0043383,negative T cell selection,12/15173,12/18866,0.073169413,0.18855195,0.13006742,AIRE/ATG5/CCR7/CD28/CD3E/CD74/DOCK2/GLI3/PTPRC/SHH/THEMIS/ZAP70,12
GO:0070232,regulation of T cell apoptotic process,31/15173,34/18866,0.078013158,0.198670656,0.137047533,ADA/ADAM8/ARG2/BMP4/CCL5/CD27/CD274/DOCK8/EFNA1/FADD/GIMAP8/GPAM/HIF1A/IDO1/IL7R/JAK3/LGALS14/LGALS3/LGALS9/NFKBID/PDCD1/PRELID1/PRKCQ/PTCRA/RAG1/RIPK3/SLC46A2/TP53/TSC22D3/WNT5A/ZC3H8,31
GO:0033081,regulation of T cell differentiation in thymus,25/15173,27/18866,0.078984826,0.200360026,0.138212899,ADA/ADAM8/BMP4/CAMK4/CLPTM1/EGR3/ERBB2/FOXJ1/FOXP3/IHH/IL1A/IL1B/IL7R/NFKBID/PTPN2/RASGRP1/SHH/SOD1/SOS1/TESPA1/TMEM131L/TOX/VNN1/ZC3H8/ZEB1,25
GO:0036037,"CD8-positive, alpha-beta T cell activation",25/15173,27/18866,0.078984826,0.200360026,0.138212899,BCL2/CBFB/CD274/CLEC4A/CRTAM/EOMES/GPR18/HFE/HLA-A/HLA-E/IRF1/LILRB1/MAPK8IP1/NCKAP1L/PTPN22/RUNX1/RUNX3/SATB1/SH3RF1/SOCS1/TNFSF8/TOX/VSIR/XCL1/ZBTB7B,25
GO:0002710,negative regulation of T cell mediated immunity,18/15173,19/18866,0.089533841,0.21861446,0.150805223,ARG1/CEACAM1/CLEC4G/DUSP22/FCGR2B/FOXP3/HFE/HLA-F/HLA-G/IFNB1/IL20RB/IL7R/LILRB1/PPP3CB/PTPRC/SMAD7/TBX21/XCL1,18
GO:0043373,"CD4-positive, alpha-beta T cell lineage commitment",18/15173,19/18866,0.089533841,0.21861446,0.150805223,BATF/CTSL/FOXP3/IL12RB1/IL23A/IL23R/IL6/IRF4/LOXL3/LY9/MTOR/SLAMF6/SPN/STAT3/STAT6/TBX21/TOX/ZFPM1,18
GO:0070233,negative regulation of T cell apoptotic process,18/15173,19/18866,0.089533841,0.21861446,0.150805223,ADA/ARG2/BMP4/CCL5/CD27/DOCK8/EFNA1/FADD/GPAM/HIF1A/IDO1/IL7R/JAK3/PRKCQ/PTCRA/RAG1/SLC46A2/TSC22D3,18
GO:0033079,immature T cell proliferation,11/15173,11/18866,0.090991247,0.21861446,0.150805223,BMP4/ERBB2/FOXP3/GNRH1/IHH/IL1A/IL1B/RIPK2/SHH/TMEM131L/WNT4,11
GO:0045060,negative thymic T cell selection,11/15173,11/18866,0.090991247,0.21861446,0.150805223,AIRE/ATG5/CCR7/CD28/CD3E/CD74/DOCK2/GLI3/PTPRC/SHH/ZAP70,11
GO:0046643,regulation of gamma-delta T cell activation,11/15173,11/18866,0.090991247,0.21861446,0.150805223,EGR3/LEF1/LILRB1/NCKAP1L/NOD2/PTPRC/SOX13/SOX4/STAT5B/SYK/TCF7,11
GO:0001865,NK T cell differentiation,10/15173,10/18866,0.113152474,0.252273731,0.174024153,AP3B1/AP3D1/ITK/PRDM1/PSAP/TGFBR2/TOX/ZBTB16/ZBTB7B/ZNF683,10
GO:0002291,T cell activation via T cell receptor contact with antigen bound to MHC molecule on antigen presenting cell,10/15173,10/18866,0.113152474,0.252273731,0.174024153,APBB1IP/CD81/FGL2/HAVCR2/HLA-DMB/ICAM1/ITGAL/LGALS3/LGALS9/LILRB1,10
GO:0002664,regulation of T cell tolerance induction,10/15173,10/18866,0.113152474,0.252273731,0.174024153,CD3E/CLC/FOXP3/HLA-B/HLA-G/IDO1/IL2RA/LILRB2/PHLPP1/TGFBR2,10
GO:0033083,regulation of immature T cell proliferation,10/15173,10/18866,0.113152474,0.252273731,0.174024153,BMP4/ERBB2/FOXP3/GNRH1/IHH/IL1A/IL1B/RIPK2/SHH/TMEM131L,10
GO:2000404,regulation of T cell migration,39/15173,44/18866,0.1140222,0.253603791,0.174941658,ADAM10/ADAM17/ADAM8/AIF1/AIRE/APOD/APP/CCL20/CCL5/CCR2/CCR6/CD200/CD200R1/CD99L2/CRK/CRKL/CXCL10/CXCL13/DOCK8/ECM1/FADD/IL27RA/ITGA4/LRCH1/OXSR1/PYCARD/RHOA/RIPK3/RIPOR2/SELENOK/SPN/STK39/TMEM102/TNFRSF14/TNFSF14/WNK1/WNT5A/XCL1/XCL2,39
GO:0043372,"positive regulation of CD4-positive, alpha-beta T cell differentiation",27/15173,30/18866,0.134201037,0.287087736,0.198039644,ANXA1/CD80/CD83/CD86/FOXP3/HLX/IFNG/IL12RB1/IL18/IL23A/IL23R/IL4R/LGALS9/MALT1/MYB/NCKAP1L/NFKBID/NFKBIZ/NLRP3/PRKCZ/RARA/RIPK2/SASH3/SOCS1/SOCS5/TNFSF4/ZBTB7B,27
GO:0035743,"CD4-positive, alpha-beta T cell cytokine production",21/15173,23/18866,0.143778317,0.303578714,0.209415496,ARG1/CD55/CD81/DENND1B/GATA3/IFNB1/IL12A/IL18/IL18R1/IL18RAP/IL1B/IL1R1/IL31RA/IL4/IL6/NLRP3/PRKCZ/RSAD2/STARD7/TBX21/XCL1,21
GO:0045059,positive thymic T cell selection,13/15173,14/18866,0.208666539,0.402649596,0.277756842,CD3D/CD3E/CD3G/CD74/DOCK2/ITPKB/PTPN2/PTPRC/SHH/SRF/STK11/TOX/ZAP70,13
GO:0046007,negative regulation of activated T cell proliferation,13/15173,14/18866,0.208666539,0.402649596,0.277756842,ARG1/BTN2A2/CASP3/CD274/CRTAM/FOXP3/LGALS9/LRRC32/PDCD1LG2/PRKAR1A/PRNP/RC3H1/SCRIB,13
GO:0033089,positive regulation of T cell differentiation in thymus,12/15173,13/18866,0.24515285,0.453400221,0.312765776,ADA/ADAM8/EGR3/FOXP3/IHH/IL1A/IL1B/IL7R/RASGRP1/SHH/TESPA1/VNN1,12
GO:2000406,positive regulation of T cell migration,27/15173,31/18866,0.246442528,0.454363117,0.313430004,ADAM10/ADAM17/ADAM8/AIF1/APP/CCL20/CCL5/CCR2/CD99L2/CXCL10/CXCL13/DOCK8/FADD/ITGA4/OXSR1/PYCARD/RHOA/SELENOK/SPN/STK39/TMEM102/TNFRSF14/TNFSF14/WNK1/WNT5A/XCL1/XCL2,27
GO:0035739,"CD4-positive, alpha-beta T cell proliferation",11/15173,12/18866,0.287031419,0.504439478,0.347973816,ARG2/CD274/CD55/CD81/LGALS9/LGALS9B/LGALS9C/TGFBR2/TWSG1/VSIR/XCL1,11
GO:2000561,"regulation of CD4-positive, alpha-beta T cell proliferation",11/15173,12/18866,0.287031419,0.504439478,0.347973816,ARG2/CD274/CD55/CD81/LGALS9/LGALS9B/LGALS9C/TGFBR2/TWSG1/VSIR/XCL1,11
GO:0050798,activated T cell proliferation,39/15173,46/18866,0.297259855,0.520695468,0.359187567,ABL1/AGER/ARG1/BTN2A2/BTN3A1/CASP3/CD24/CD274/CLC/CRTAM/FADD/FOXP3/FYN/GPAM/HHLA2/HMGB1/ICOSLG/IGFBP2/IL12RB1/IL18/IL2/IL23A/IL23R/IL27RA/IL2RA/LGALS9/LRRC32/PDCD1LG2/PRKAR1A/PRNP/PYCARD/RC3H1/RIPK3/RPS3/SATB1/SCRIB/STAT5B/TMIGD2/TNFSF9,39
GO:0043379,memory T cell differentiation,10/15173,11/18866,0.334764737,0.560528204,0.386665093,BCL6/CD46/FGL2/IFNL1/IL12RB1/IL23A/IL23R/PCK1/TNFSF4/TSC1,10
GO:0046642,negative regulation of alpha-beta T cell proliferation,10/15173,11/18866,0.334764737,0.560528204,0.386665093,ARG2/CD274/LGALS9/LGALS9B/LGALS9C/TNFRSF14/TWSG1/VSIR/XCL1/ZBTB7B,10
GO:0051132,NK T cell activation,10/15173,11/18866,0.334764737,0.560528204,0.386665093,CD300A/ELF4/HSPH1/IL12A/IL15/IL18/IL23A/IL23R/RASAL3/ZBTB7B,10
GO:0043380,regulation of memory T cell differentiation,9/15173,10/18866,0.388720981,0.622587603,0.429475077,BCL6/CD46/FGL2/IFNL1/IL12RB1/IL23A/IL23R/PCK1/TNFSF4,9
GO:0046006,regulation of activated T cell proliferation,35/15173,42/18866,0.403993558,0.642462119,0.44318497,AGER/ARG1/BTN2A2/CASP3/CD24/CD274/CLC/CRTAM/FADD/FOXP3/GPAM/HHLA2/HMGB1/ICOSLG/IGFBP2/IL12RB1/IL18/IL2/IL23A/IL23R/IL27RA/IL2RA/LGALS9/LRRC32/PDCD1LG2/PRKAR1A/PRNP/PYCARD/RC3H1/RIPK3/RPS3/SCRIB/STAT5B/TMIGD2/TNFSF9,35
GO:0043374,"CD8-positive, alpha-beta T cell differentiation",13/15173,15/18866,0.414065581,0.653316875,0.450672827,BCL2/CBFB/EOMES/GPR18/IRF1/NCKAP1L/RUNX1/RUNX3/SATB1/SOCS1/TNFSF8/TOX/ZBTB7B,13
GO:0070234,positive regulation of T cell apoptotic process,12/15173,14/18866,0.464070716,0.712832802,0.491728266,ADAM8/CCL5/CD274/IDO1/LGALS14/LGALS9/NFKBID/PDCD1/PRELID1/TP53/WNT5A/ZC3H8,12
GO:0010818,T cell chemotaxis,23/15173,28/18866,0.523291357,0.772223099,0.532697043,ADAM10/ADAM17/CCL26/CCL3/CCL5/CCR2/CXCL10/CXCL11/CXCL13/CXCL16/CXCR3/GPR183/OXSR1/PIK3CD/PIK3CG/SLC12A2/STK39/TMEM102/TNFSF14/WNK1/WNT5A/XCL1/XCL2,23
GO:0010819,regulation of T cell chemotaxis,14/15173,17/18866,0.566702522,0.820084544,0.565712956,ADAM10/ADAM17/CCL5/CCR2/CXCL10/CXCL13/OXSR1/STK39/TMEM102/TNFSF14/WNK1/WNT5A/XCL1/XCL2,14
GO:0010820,positive regulation of T cell chemotaxis,13/15173,16/18866,0.615149836,0.863281966,0.595511519,ADAM10/ADAM17/CCL5/CCR2/CXCL13/OXSR1/STK39/TMEM102/TNFSF14/WNK1/WNT5A/XCL1/XCL2,13
GO:0042104,positive regulation of activated T cell proliferation,20/15173,26/18866,0.765294062,0.979054454,0.675374012,AGER/CD24/FADD/GPAM/HHLA2/HMGB1/ICOSLG/IGFBP2/IL12RB1/IL18/IL2/IL23A/IL23R/IL27RA/IL2RA/PYCARD/RPS3/STAT5B/TMIGD2/TNFSF9,20
GO:0001768,establishment of T cell polarity,9/15173,12/18866,0.805802315,1,0.689822726,CCR7/CRTAM/DOCK2/DOCK8/FLOT2/GSN/MYH9/RIPOR2/SCRIB,9
GO:0002440,production of molecular mediator of immune response,287/15173,306/18866,1.97E-11,1.12E-09,7.69E-10,AICDA/APLF/APOA1/APOA2/ARG1/ATAD5/ATM/B2M/BATF/BCL10/BCL6/BST2/BTK/C17orf99/CARD11/CCR2/CCR6/CD160/CD22/CD226/CD244/CD28/CD36/CD40/CD40LG/CD55/CD74/CD81/CD86/CD96/CGAS/CHGA/CLC/CLCF1/CLNK/CTNNBL1/CUEDC2/DDX1/DDX21/DDX58/DENND1B/DHX36/DLG1/DNAJB9/ELANE/ERCC1/EXO1/EXOSC3/EXOSC6/F2RL1/FCER1G/FCGR2B/FCRL3/FFAR2/FFAR3/FGL2/FOXP3/FZD5/GALNT2/GAPT/GAS6/GATA3/GCNT3/GPI/GPRC5B/HFE/HLA-A/HLA-DQB1/HLA-DRB1/HLA-E/HLA-F/HLA-G/HMCES/HMOX1/HPX/HSPD1/IFNB1/IGKC/IGKV1-12/IGKV1-13/IGKV1-16/IGKV1-17/IGKV1-27/IGKV1-39/IGKV1-5/IGKV1-6/IGKV1-8/IGKV1-9/IGKV1D-12/IGKV1D-13/IGKV1D-17/IGKV1D-33/IGKV1D-39/IGKV1D-43/IGKV1D-8/IGKV2-24/IGKV2-28/IGKV2-29/IGKV2-30/IGKV2-40/IGKV2D-24/IGKV2D-26/IGKV2D-28/IGKV2D-29/IGKV2D-30/IGKV3-15/IGKV3-20/IGKV3-7/IGKV3D-11/IGKV3D-15/IGKV3D-20/IGKV4-1/IGKV5-2/IGKV6-21/IGKV6D-21/IGKV6D-41/IGLV1-36/IGLV1-40/IGLV1-44/IGLV1-47/IGLV1-50/IGLV1-51/IGLV10-54/IGLV11-55/IGLV2-11/IGLV2-14/IGLV2-18/IGLV2-23/IGLV2-8/IGLV3-1/IGLV3-10/IGLV3-12/IGLV3-16/IGLV3-19/IGLV3-21/IGLV3-22/IGLV3-25/IGLV3-27/IGLV3-9/IGLV4-3/IGLV4-60/IGLV4-69/IGLV5-37/IGLV5-45/IGLV5-48/IGLV5-52/IGLV6-57/IGLV7-43/IGLV7-46/IGLV8-61/IGLV9-49/IL10/IL12A/IL13/IL18/IL18R1/IL18RAP/IL1B/IL1R1/IL2/IL21/IL27RA/IL31RA/IL4/IL4R/IL5/IL6/IL7R/IRAK3/ITM2A/JAK3/KARS1/KDELR1/KIR2DL4/KIT/KMT5B/KMT5C/LACC1/LIG4/LILRB1/MAD2L2/MALT1/MAP3K7/MAVS/MCM3AP/MIF/MLH1/MR1/MSH2/MSH3/MSH6/MZB1/NBN/NDFIP1/NLRP3/NOD2/NR4A3/NSD2/PARP3/PAXIP1/PGC/PHB/PHB2/PKN1/PMS2/PMS2P1/PMS2P5/PMS2P6/POLB/POLL/POLM/POLQ/POU2F2/PRKCZ/PRKDC/PTPN22/PTPRC/RIF1/RNF168/RNF8/RSAD2/SAMHD1/SASH3/SCIMP/SEMA7A/SHLD1/SHLD2/SHLD3/SIRT1/SLC11A1/SLC7A5/SMAD7/SPHK2/SPON2/STARD7/STAT6/STX4/SUPT6H/SWAP70/TBX21/TCF3/TCIRG1/TFRC/TGFB1/TGFB2/TGFB3/THOC1/TICAM1/TLR2/TLR3/TLR4/TLR9/TMBIM6/TMIGD2/TNF/TNFRSF14/TNFRSF1B/TNFRSF4/TNFSF13/TNFSF13B/TNFSF4/TP53BP1/TRAF2/TRAF3IP2/TRAF6/TRAV14DV4/TRAV18/TRAV19/TRAV2/TRAV38-1/TRAV38-2DV8/TRAV40/TRAV9-2/TRDV1/TRDV2/TRDV3/TRIL/TRIM6/TRPM4/UNG/VPREB1/VPREB3/WNT5A/XBP1/XCL1/XRCC4/ZPBP2,287
GO:0002262,myeloid cell homeostasis,151/15173,154/18866,2.22E-11,1.23E-09,8.52E-10,ACIN1/ACVR1B/ACVR2A/ADAM17/ADAR/ADD1/ADGRF5/AHSP/ALAS1/ALAS2/AMPD3/ANKRD54/ANXA1/ARID4A/ARNT/ATP5IF1/AXL/B2M/BAK1/BAP1/BAX/BCL2L11/BCL6/BMP4/BPGM/BRD1/CASP3/CCR2/CDIN1/CDK5RAP3/CDK6/CEBPG/CXCR2/DMTN/DNASE2/DYRK3/EPAS1/EPB42/ERCC2/ETS1/ETV2/FAM210B/FANCC/FCER1G/FLVCR1/FOXO3/FOXP3/G6PD/GATA1/GATA2/GATA3/HBZ/HCAR2/HCLS1/HIF1A/HIPK2/HMGB1/HMGB2/HMOX1/HOXA5/HOXB6/HSPA1A/HSPA1B/HSPA9/ID2/IKZF1/IL6/INHA/INHBA/INPP5D/IREB2/ISG15/ITPKB/JAK2/JAK3/JAM3/JMJD6/KAT7/KIT/KITLG/KLF1/KLF13/KLF2/KMT2E/L3MBTL3/LDB1/LYAR/LYN/MAEA/MAFB/MAPK14/MED1/MERTK/MFHAS1/MIR221/MPIG6B/MPL/NCAPG2/NCKAP1L/NCSTN/NFE2L1/P4HTM/PDE4B/PIK3CB/PIK3CD/PKNOX1/PRDX1/PRKDC/PRMT1/PTBP3/PTPN2/RB1/RBFOX2/RHAG/RHEX/RPS14/RPS17/RPS19/RPS24/SENP1/SFXN1/SH2B3/SLC11A2/SLC25A38/SLC4A1/SLC7A11/SMAD5/SMAP1/SOD1/SOX6/SP3/SPI1/SRF/STAT1/STAT3/STAT5B/TAL1/TGFBR3/THRA/TMEM14C/TMOD3/TRIM10/TRIM58/UBA5/UFL1/VEGFA/ZBTB7A/ZFP36/ZFP36L1/ZFPM1/ZNF16,151
GO:0019882,antigen processing and presentation,221/15173,232/18866,4.20E-11,2.26E-09,1.56E-09,ABCB9/ACE/ACTR10/ACTR1A/ACTR1B/AP1B1/AP1G1/AP1M1/AP1M2/AP1S1/AP1S2/AP1S3/AP2A1/AP2A2/AP2B1/AP2M1/AP2S1/AP3B1/AP3D1/ARF1/ATG5/B2M/BCAP31/CALR/CANX/CAPZA1/CAPZA2/CAPZB/CCR7/CD1A/CD1B/CD1C/CD1D/CD1E/CD207/CD209/CD36/CD68/CD74/CD8A/CENPE/CHUK/CLEC4A/CLEC4M/CLTA/CLTC/CTSD/CTSF/CTSH/CTSL/CTSS/CTSV/CYBA/CYBB/DCTN1/DCTN2/DCTN3/DCTN4/DCTN5/DCTN6/DNM2/DYNC1H1/DYNC1I1/DYNC1I2/DYNC1LI1/DYNC1LI2/DYNLL1/DYNLL2/ERAP1/ERAP2/FCER1G/FCGR1A/FCGR1B/FCGR2B/FGL2/HFE/HLA-A/HLA-B/HLA-C/HLA-DMA/HLA-DMB/HLA-DOA/HLA-DOB/HLA-DPA1/HLA-DPB1/HLA-DQA1/HLA-DQA2/HLA-DQB1/HLA-DQB2/HLA-DRA/HLA-DRB1/HLA-DRB5/HLA-E/HLA-F/HLA-G/HLA-H/ICAM1/IDE/IFI30/IKBKB/IKBKG/ITGAV/ITGB5/KIF11/KIF15/KIF18A/KIF22/KIF23/KIF26A/KIF2A/KIF2C/KIF3A/KIF3B/KIF3C/KIF4A/KIF4B/KIF5A/KIFAP3/KLC1/KLC2/LAG3/LGMN/LILRB2/LNPEP/MARCHF1/MARCHF8/MFSD6/MR1/NCF1/NCF2/NCF4/NOD1/NOD2/OSBPL1A/PDIA3/PIKFYVE/PSAP/PSMA1/PSMA2/PSMA3/PSMA4/PSMA5/PSMA6/PSMA7/PSMA8/PSMB1/PSMB10/PSMB2/PSMB3/PSMB4/PSMB5/PSMB6/PSMB7/PSMB8/PSMB9/PSMC1/PSMC2/PSMC3/PSMC4/PSMC5/PSMC6/PSMD1/PSMD10/PSMD11/PSMD12/PSMD13/PSMD14/PSMD2/PSMD3/PSMD4/PSMD5/PSMD6/PSMD7/PSMD8/PSMD9/PSME1/PSME2/PSME3/PSME4/PSMF1/PYCARD/RAB10/RAB27A/RAB32/RAB33A/RAB34/RAB35/RAB3B/RAB3C/RAB4A/RAB5B/RAB6A/RAB7A/RAB8B/RACGAP1/RELB/RFTN1/RILP/SAR1B/SEC13/SEC22B/SEC23A/SEC24A/SEC24B/SEC24C/SEC24D/SEC31A/SLC11A1/SNAP23/SPTBN2/TAP1/TAP2/TAPBP/TAPBPL/THBS1/TRAF6/TREM2/VAMP3/VAMP8/WAS/YTHDF1,221
GO:0002200,somatic diversification of immune receptors,77/15173,77/18866,5.00E-08,1.30E-06,8.96E-07,ADAR/AICDA/APLF/ATAD5/ATM/BATF/BCL11B/BCL6/CCR6/CD28/CD40/CD40LG/CLCF1/CTNNBL1/DCAF1/DCLRE1C/ERCC1/EXO1/EXOSC3/EXOSC6/FOXP3/HMCES/HMGB1/HMGB2/HSPD1/IL10/IL2/IL27RA/IL4/KMT5B/KMT5C/LEF1/LIG4/MAD2L2/MCM3AP/MLH1/MSH2/MSH3/MSH6/NBN/NDFIP1/NSD2/PARP3/PAXIP1/PMS2/PMS2P1/PMS2P5/PMS2P6/POLB/POLL/POLM/POLQ/PRKDC/PTPRC/RAG1/RAG2/RIF1/RNF168/RNF8/SAMHD1/SHLD1/SHLD2/SHLD3/STAT6/SUPT6H/SWAP70/TBX21/TCF3/TCF7/TFRC/TGFB1/THOC1/TNFSF13/TNFSF4/TP53BP1/UNG/XRCC4,77
GO:0002683,negative regulation of immune system process,407/15173,463/18866,9.99E-06,0.000127051,8.76E-05,A2M/ABR/ACOD1/ADA/ADAR/ADGRF5/ADORA1/ADORA2A/ADTRP/AKT1/ALOX15/ANXA1/APOA1/APOA2/APOD/APPL1/ARG1/ARG2/ARRB2/ATM/AXL/BANK1/BCL10/BCL6/BCR/BLK/BMP4/BPI/BST2/BTK/BTN2A2/C1QBP/C1QC/C4BPA/C4BPB/C5/C5AR2/CACTIN/CASP3/CBFB/CCL2/CCL25/CCL28/CCL3/CCN3/CCR2/CD160/CD200/CD200R1/CD22/CD274/CD300A/CD300LF/CD47/CD55/CD59/CD68/CD74/CD80/CD84/CD86/CD96/CDC73/CDK6/CEACAM1/CEBPB/CIB1/CLDN18/CLEC12B/CLEC4G/CLNK/CNOT7/CNR1/CNR2/CR1/CRK/CRTAM/CST7/CTLA4/CTNNB1/CTR9/CUEDC2/CUL4A/CXCR2/CYP19A1/DCST1/DGKZ/DHX58/DLG1/DLG5/DLL1/DPF2/DPP4/DTX1/DUSP1/DUSP10/DUSP22/DUSP3/ELF1/EMILIN1/ENPP3/ERBB2/EZR/FADD/FAM3A/FBN1/FBXO7/FBXW7/FCER1G/FCGR2B/FCRL3/FCRLB/FER/FGL2/FGR/FOXF1/FOXJ1/FOXP3/FSTL3/GABPA/GATA2/GBP1/GCSAM/GLI3/GLMN/GNRH1/GPAM/GPATCH3/GPER1/GPNMB/GPR137/GPR137B/GPR171/GPR18/GPR55/GPR68/GPS2/GPX1/GREM1/GRN/H4-16/H4C1/H4C11/H4C12/H4C13/H4C14/H4C15/H4C2/H4C3/H4C4/H4C5/H4C8/H4C9/HAVCR2/HES1/HFE/HLA-A/HLA-B/HLA-DOA/HLA-DOB/HLA-DRB1/HLA-E/HLA-F/HLA-G/HLX/HMGB1/HMGB3/HMOX1/HOXA5/HOXA7/HOXA9/HSPA9/HTRA1/ID2/IDO1/IFI16/IFNB1/IFNL1/IHH/IL10/IL17D/IL1RL1/IL2/IL20RB/IL27RA/IL2RA/IL31RA/IL4/IL4R/IL7R/ILRUN/INHA/INHBA/INPP5D/IRAK3/IRF1/ITCH/ITPKB/JAK3/KIR2DL4/KITLG/KLF13/KLRC4-KLRK1/KLRK1/LAG3/LAX1/LDB1/LDLR/LEO1/LGALS3/LGALS9/LGALS9B/LGALS9C/LILRB1/LILRB2/LILRB3/LILRB4/LOXL3/LPXN/LRCH1/LRRC17/LRRC32/LST1/LTF/LYN/MAD1L1/MAFB/MARCHF7/MDK/MEIS1/MEIS2/MERTK/METTL3/MIA3/MICA/MICB/MIF/MILR1/MIR181B1/MIR221/MIXL1/MMP28/MNDA/MUL1/MYC/N4BP2L2/NBL1/NCAPG2/NDFIP1/NF1/NFE2L2/NFKBIA/NFKBID/NLRC3/NLRC5/NLRP6/NLRX1/NME1/NME2/NMI/NOTCH1/NPLOC4/NR1D1/NR1H2/NR1H3/NRARP/PADI2/PAF1/PAG1/PARP14/PARP3/PAWR/PCBP2/PDCD1/PDCD1LG2/PDE5A/PELI1/PF4/PGLYRP1/PGLYRP2/PHPT1/PIAS3/PIBF1/PIK3R1/PKN1/PLA2G2D/PLA2G2F/PLCB1/PLCL2/PPARG/PPM1B/PPP3CB/PRDX2/PRKAR1A/PRKDC/PRMT1/PRNP/PSMA1/PSMB4/PTGER4/PTK2B/PTPN2/PTPN22/PTPN6/PTPRC/PTPRJ/PVRIG/RARA/RBM15/RC3H1/RC3H2/RHBDD3/RIOK3/RIPOR2/RNF125/RNF26/RPS19/RUNX1/RUNX3/SAMHD1/SAMSN1/SCGB1A1/SCRIB/SDC4/SEC14L1/SELENOS/SERPINB9/SERPING1/SFTPD/SH2D1A/SHH/SLA2/SLAMF8/SLIT2/SMAD7/SOCS1/SOCS5/SOCS6/SOX11/SPN/STAP1/STAT5B/STAT6/SUSD4/SYT11/TAL1/TAPBPL/TARBP2/TARM1/TBC1D10C/TBX21/TCTA/TGFB1/TGFB2/TGFB3/THBS1/THOC1/TIGIT/TKFC/TLR3/TLR4/TMBIM6/TMEM131L/TMEM176A/TMEM176B/TMEM178A/TNF/TNFAIP3/TNFAIP8L2/TNFRSF13B/TNFRSF14/TNFRSF21/TNFSF4/TOB2/TRAF3IP1/TRAFD1/TRIB1/TRIM27/TRIM38/TSC22D3/TSPAN32/TSPAN6/TTLL12/TWSG1/TYRO3/TYROBP/UBASH3A/UBASH3B/UFD1/VSIG4/VSIR/VTCN1/WASL/WDR61/XCL1/YTHDF2/YTHDF3/ZBTB16/ZBTB46/ZBTB7B/ZC3H12A/ZC3H8/ZFP36/ZFP36L1/ZFPM1/ZNF675/ZPBP2,407
GO:0001776,leukocyte homeostasis,83/15173,86/18866,1.21E-05,0.000150105,0.000103546,ABL1/ADA/ADAM17/AKT1/ANXA1/AXL/BAK1/BAP1/BAX/BCL10/BCL2/BCL2L11/CACNA1F/CASP3/CCNB2/CCR2/CD74/CORO1A/CXCL6/CXCR2/DNAJA3/DOCK10/DOCK11/FADD/FAS/FCER1G/FLT3/FOXP3/GAPT/GPAM/GPR174/GPR183/HCAR2/HIF1A/HMGB1/IL2/IL2RA/IL6/ITPKB/JAK3/JAM3/KITLG/LAT/LGALS9/LYN/MEF2C/MERTK/MIF/MIR17HG/MPL/NCKAP1L/P2RX7/PDE4B/PIK3CB/PIK3CD/PKN1/PMAIP1/PPP2R3C/PPP3CB/RAG1/RC3H1/RC3H2/RIPK3/SH2B3/SIT1/SKIL/SLC39A3/SLC40A1/SLC46A2/SLC7A11/SOS1/SPNS2/SPTA1/STAT5B/TCIRG1/TNFAIP3/TNFRSF13B/TNFRSF13C/TNFRSF17/TNFSF13B/TNFSF14/TSC22D3/ZC3H8,83
GO:0031294,lymphocyte costimulation,56/15173,58/18866,0.000362724,0.002744286,0.001893071,AKT1/BTLA/CARD11/CAV1/CCR7/CD160/CD24/CD274/CD28/CD320/CD3E/CD40LG/CD5/CD80/CD81/CD86/CDC42/CSK/CTLA4/DPP4/EFNB1/EFNB2/EFNB3/FYN/GRAP2/GRB2/HHLA2/ICOS/ICOSLG/IL4/KLRC4-KLRK1/KLRK1/LCK/LGALS1/LYN/MAP3K8/PAK1/PAK2/PAK3/PDCD1/PDCD1LG2/PDPK1/PIK3CA/PIK3R1/PTPN11/PTPN6/RAC1/SRC/TMIGD2/TNFRSF13C/TNFRSF14/TNFSF13B/TNFSF14/TNFSF4/VAV1/YES1,56
GO:0002507,tolerance induction,26/15173,26/18866,0.003454296,0.017845365,0.012310138,ACOD1/AIRE/BLK/CCR4/CD274/CD3E/CLC/FOXJ1/FOXP3/HAVCR2/HLA-B/HLA-E/HLA-G/HMGB1/ICOS/IDO1/IL2RA/IRAK3/LGALS9/LILRB2/LYN/MARCHF7/PDCD1/PHLPP1/TGFBR2/TNFAIP3,26
GO:0090713,immunological memory process,13/15173,14/18866,0.208666539,0.402649596,0.277756842,BCL6/CD160/CD46/CD81/FGL2/IFNL1/IL12RB1/IL23A/IL23R/PCK1/TNFRSF14/TNFSF4/TSC1,13
